⚠ [1237/1242] Replayed BMSConstructibleBridge.ExternalStageElementarity
warning: BMSConstructibleBridge/ExternalStageElementarity.lean:27:10: Variable name `sourceNonempty` is not explicitly referenced.

Hint: The binding can be removed (if unused) or named `_` (if used implicitly). Alternatively, prefix the name with `_` to silence this warning:
  [apply] _sourceNonempty

Note: This linter can be disabled with `set_option linter.unusedVariables false`
warning: BMSConstructibleBridge/ExternalStageElementarity.lean:28:7: Variable name `targetNonempty` is not explicitly referenced.

Hint: The binding can be removed (if unused) or named `_` (if used implicitly). Alternatively, prefix the name with `_` to silence this warning:
  [apply] _targetNonempty

Note: This linter can be disabled with `set_option linter.unusedVariables false`
⚠ [1240/1259] Replayed BMSConstructibleBridge.BoundedExternalStageElementarity
warning: BMSConstructibleBridge/BoundedExternalStageElementarity.lean:22:5: Variable name `sourceNonempty` is not explicitly referenced.

Hint: The binding can be removed (if unused) or named `_` (if used implicitly). Alternatively, prefix the name with `_` to silence this warning:
  [apply] _sourceNonempty

Note: This linter can be disabled with `set_option linter.unusedVariables false`
warning: BMSConstructibleBridge/BoundedExternalStageElementarity.lean:23:7: Variable name `targetNonempty` is not explicitly referenced.

Hint: The binding can be removed (if unused) or named `_` (if used implicitly). Alternatively, prefix the name with `_` to silence this warning:
  [apply] _targetNonempty

Note: This linter can be disabled with `set_option linter.unusedVariables false`
⚠ [1394/1416] Replayed BMSConstructibleBridge.TextbookFormulaCode
warning: BMSConstructibleBridge/TextbookFormulaCode.lean:150:6: try 'simp' instead of 'simpa'

Note: This linter can be disabled with `set_option linter.unnecessarySimpa false`
warning: BMSConstructibleBridge/TextbookFormulaCode.lean:153:6: try 'simp' instead of 'simpa'

Note: This linter can be disabled with `set_option linter.unnecessarySimpa false`
warning: BMSConstructibleBridge/TextbookFormulaCode.lean:156:6: try 'simp' instead of 'simpa'

Note: This linter can be disabled with `set_option linter.unnecessarySimpa false`
warning: BMSConstructibleBridge/TextbookFormulaCode.lean:160:6: try 'simp' instead of 'simpa'

Note: This linter can be disabled with `set_option linter.unnecessarySimpa false`
warning: BMSConstructibleBridge/TextbookFormulaCode.lean:165:6: try 'simp' instead of 'simpa'

Note: This linter can be disabled with `set_option linter.unnecessarySimpa false`
⚠ [1412/1446] Replayed BMSConstructibleBridge.TextbookAmbientTruthCertificate
warning: BMSConstructibleBridge/TextbookAmbientTruthCertificate.lean:302:7: Variable name `hCode` is not explicitly referenced.

Hint: The binding can be removed (if unused) or named `_` (if used implicitly). Alternatively, prefix the name with `_` to silence this warning:
  [apply] _hCode

Note: This linter can be disabled with `set_option linter.unusedVariables false`
warning: BMSConstructibleBridge/TextbookAmbientTruthCertificate.lean:308:7: Variable name `hCode` is not explicitly referenced.

Hint: The binding can be removed (if unused) or named `_` (if used implicitly). Alternatively, prefix the name with `_` to silence this warning:
  [apply] _hCode

Note: This linter can be disabled with `set_option linter.unusedVariables false`
warning: BMSConstructibleBridge/TextbookAmbientTruthCertificate.lean:386:25: Variable name `hCode` is not explicitly referenced.

Hint: The binding can be removed (if unused) or named `_` (if used implicitly). Alternatively, prefix the name with `_` to silence this warning:
  [apply] _hCode

Note: This linter can be disabled with `set_option linter.unusedVariables false`
warning: BMSConstructibleBridge/TextbookAmbientTruthCertificate.lean:391:25: Variable name `hCode` is not explicitly referenced.

Hint: The binding can be removed (if unused) or named `_` (if used implicitly). Alternatively, prefix the name with `_` to silence this warning:
  [apply] _hCode

Note: This linter can be disabled with `set_option linter.unusedVariables false`
⚠ [1419/1446] Replayed BMSConstructibleBridge.TextbookAmbientTruthRecord
warning: BMSConstructibleBridge/TextbookAmbientTruthRecord.lean:140:38: Used `tac1 <;> tac2` where `(tac1; tac2)` would suffice

Note: This linter can be disabled with `set_option linter.unnecessarySeqFocus false`
warning: BMSConstructibleBridge/TextbookAmbientTruthRecord.lean:141:21: Used `tac1 <;> tac2` where `(tac1; tac2)` would suffice

Note: This linter can be disabled with `set_option linter.unnecessarySeqFocus false`
warning: BMSConstructibleBridge/TextbookAmbientTruthRecord.lean:184:33: Used `tac1 <;> tac2` where `(tac1; tac2)` would suffice

Note: This linter can be disabled with `set_option linter.unnecessarySeqFocus false`
warning: BMSConstructibleBridge/TextbookAmbientTruthRecord.lean:185:21: Used `tac1 <;> tac2` where `(tac1; tac2)` would suffice

Note: This linter can be disabled with `set_option linter.unnecessarySeqFocus false`
⚠ [1420/1446] Replayed BMSConstructibleBridge.TextbookAmbientTruthTrace
warning: BMSConstructibleBridge/TextbookAmbientTruthTrace.lean:70:21: try 'simp' instead of 'simpa'

Note: This linter can be disabled with `set_option linter.unnecessarySimpa false`
warning: BMSConstructibleBridge/TextbookAmbientTruthTrace.lean:76:19: try 'simp' instead of 'simpa'

Note: This linter can be disabled with `set_option linter.unnecessarySimpa false`
⚠ [1422/1446] Replayed BMSConstructibleBridge.TextbookAmbientTruthIndexedTrace
warning: BMSConstructibleBridge/TextbookAmbientTruthIndexedTrace.lean:310:6: try 'simp' instead of 'simpa'

Note: This linter can be disabled with `set_option linter.unnecessarySimpa false`
⚠ [1429/1446] Replayed BMSConstructibleBridge.TextbookDelta0NegationRule
warning: BMSConstructibleBridge/TextbookDelta0NegationRule.lean:138:6: try 'simp' instead of 'simpa'

Note: This linter can be disabled with `set_option linter.unnecessarySimpa false`
⚠ [1433/1446] Replayed BMSConstructibleBridge.TextbookDelta0NegationRuleAbsolute
warning: BMSConstructibleBridge/TextbookDelta0NegationRuleAbsolute.lean:67:30: Used `tac1 <;> tac2` where `(tac1; tac2)` would suffice

Note: This linter can be disabled with `set_option linter.unnecessarySeqFocus false`
warning: BMSConstructibleBridge/TextbookDelta0NegationRuleAbsolute.lean:67:47: Used `tac1 <;> tac2` where `(tac1; tac2)` would suffice

Note: This linter can be disabled with `set_option linter.unnecessarySeqFocus false`
warning: BMSConstructibleBridge/TextbookDelta0NegationRuleAbsolute.lean:142:31: Used `tac1 <;> tac2` where `(tac1; tac2)` would suffice

Note: This linter can be disabled with `set_option linter.unnecessarySeqFocus false`
warning: BMSConstructibleBridge/TextbookDelta0NegationRuleAbsolute.lean:142:48: Used `tac1 <;> tac2` where `(tac1; tac2)` would suffice

Note: This linter can be disabled with `set_option linter.unnecessarySeqFocus false`
⚠ [1434/1473] Replayed BMSConstructibleBridge.TextbookDelta0ConjunctionRule
warning: BMSConstructibleBridge/TextbookDelta0ConjunctionRule.lean:156:6: try 'simp' instead of 'simpa'

Note: This linter can be disabled with `set_option linter.unnecessarySimpa false`
warning: BMSConstructibleBridge/TextbookDelta0ConjunctionRule.lean:151:28: Used `tac1 <;> tac2` where `(tac1; tac2)` would suffice

Note: This linter can be disabled with `set_option linter.unnecessarySeqFocus false`
warning: BMSConstructibleBridge/TextbookDelta0ConjunctionRule.lean:151:38: Used `tac1 <;> tac2` where `(tac1; tac2)` would suffice

Note: This linter can be disabled with `set_option linter.unnecessarySeqFocus false`
warning: BMSConstructibleBridge/TextbookDelta0ConjunctionRule.lean:152:29: Used `tac1 <;> tac2` where `(tac1; tac2)` would suffice

Note: This linter can be disabled with `set_option linter.unnecessarySeqFocus false`
warning: BMSConstructibleBridge/TextbookDelta0ConjunctionRule.lean:152:39: Used `tac1 <;> tac2` where `(tac1; tac2)` would suffice

Note: This linter can be disabled with `set_option linter.unnecessarySeqFocus false`
⚠ [1435/1473] Replayed BMSConstructibleBridge.TextbookDelta0BoundedExistsRule
warning: BMSConstructibleBridge/TextbookDelta0BoundedExistsRule.lean:149:19: This simp argument is unused:
  TextbookDelta0Judgment.arity

Hint: Omit it from the simp argument list.
  [apply] simp only [TextbookDelta0Judgment.code, TextbookDelta0Judgment.boundedExists] at hArityPred hEntryCode ⊢

Note: This linter can be disabled with `set_option linter.unusedSimpArgs false`
warning: BMSConstructibleBridge/TextbookDelta0BoundedExistsRule.lean:150:10: This simp argument is unused:
  TextbookDelta0Judgment.code

Hint: Omit it from the simp argument list.
  [apply] simp only [TextbookDelta0Judgment.arity, TextbookDelta0Judgment.boundedExists] at hArityPred hEntryCode ⊢

Note: This linter can be disabled with `set_option linter.unusedSimpArgs false`
warning: BMSConstructibleBridge/TextbookDelta0BoundedExistsRule.lean:179:31: Used `tac1 <;> tac2` where `(tac1; tac2)` would suffice

Note: This linter can be disabled with `set_option linter.unnecessarySeqFocus false`
warning: BMSConstructibleBridge/TextbookDelta0BoundedExistsRule.lean:179:41: Used `tac1 <;> tac2` where `(tac1; tac2)` would suffice

Note: This linter can be disabled with `set_option linter.unnecessarySeqFocus false`
warning: BMSConstructibleBridge/TextbookDelta0BoundedExistsRule.lean:196:28: Used `tac1 <;> tac2` where `(tac1; tac2)` would suffice

Note: This linter can be disabled with `set_option linter.unnecessarySeqFocus false`
warning: BMSConstructibleBridge/TextbookDelta0BoundedExistsRule.lean:201:28: Used `tac1 <;> tac2` where `(tac1; tac2)` would suffice

Note: This linter can be disabled with `set_option linter.unnecessarySeqFocus false`
warning: BMSConstructibleBridge/TextbookDelta0BoundedExistsRule.lean:206:28: Used `tac1 <;> tac2` where `(tac1; tac2)` would suffice

Note: This linter can be disabled with `set_option linter.unnecessarySeqFocus false`
⚠ [1437/1473] Replayed BMSConstructibleBridge.TextbookDelta0TraceValidityFormula
warning: BMSConstructibleBridge/TextbookDelta0TraceValidityFormula.lean:128:34: Used `tac1 <;> tac2` where `(tac1; tac2)` would suffice

Note: This linter can be disabled with `set_option linter.unnecessarySeqFocus false`
warning: BMSConstructibleBridge/TextbookDelta0TraceValidityFormula.lean:128:44: Used `tac1 <;> tac2` where `(tac1; tac2)` would suffice

Note: This linter can be disabled with `set_option linter.unnecessarySeqFocus false`
warning: BMSConstructibleBridge/TextbookDelta0TraceValidityFormula.lean:137:26: Used `tac1 <;> tac2` where `(tac1; tac2)` would suffice

Note: This linter can be disabled with `set_option linter.unnecessarySeqFocus false`
warning: BMSConstructibleBridge/TextbookDelta0TraceValidityFormula.lean:137:36: Used `tac1 <;> tac2` where `(tac1; tac2)` would suffice

Note: This linter can be disabled with `set_option linter.unnecessarySeqFocus false`
warning: BMSConstructibleBridge/TextbookDelta0TraceValidityFormula.lean:155:41: Used `tac1 <;> tac2` where `(tac1; tac2)` would suffice

Note: This linter can be disabled with `set_option linter.unnecessarySeqFocus false`
warning: BMSConstructibleBridge/TextbookDelta0TraceValidityFormula.lean:156:16: Used `tac1 <;> tac2` where `(tac1; tac2)` would suffice

Note: This linter can be disabled with `set_option linter.unnecessarySeqFocus false`
warning: BMSConstructibleBridge/TextbookDelta0TraceValidityFormula.lean:159:18: Used `tac1 <;> tac2` where `(tac1; tac2)` would suffice

Note: This linter can be disabled with `set_option linter.unnecessarySeqFocus false`
warning: BMSConstructibleBridge/TextbookDelta0TraceValidityFormula.lean:159:28: Used `tac1 <;> tac2` where `(tac1; tac2)` would suffice

Note: This linter can be disabled with `set_option linter.unnecessarySeqFocus false`
warning: BMSConstructibleBridge/TextbookDelta0TraceValidityFormula.lean:194:32: Used `tac1 <;> tac2` where `(tac1; tac2)` would suffice

Note: This linter can be disabled with `set_option linter.unnecessarySeqFocus false`
warning: BMSConstructibleBridge/TextbookDelta0TraceValidityFormula.lean:194:42: Used `tac1 <;> tac2` where `(tac1; tac2)` would suffice

Note: This linter can be disabled with `set_option linter.unnecessarySeqFocus false`
warning: BMSConstructibleBridge/TextbookDelta0TraceValidityFormula.lean:203:27: Used `tac1 <;> tac2` where `(tac1; tac2)` would suffice

Note: This linter can be disabled with `set_option linter.unnecessarySeqFocus false`
warning: BMSConstructibleBridge/TextbookDelta0TraceValidityFormula.lean:203:37: Used `tac1 <;> tac2` where `(tac1; tac2)` would suffice

Note: This linter can be disabled with `set_option linter.unnecessarySeqFocus false`
warning: BMSConstructibleBridge/TextbookDelta0TraceValidityFormula.lean:344:21: try 'simp' instead of 'simpa'

Note: This linter can be disabled with `set_option linter.unnecessarySimpa false`
warning: BMSConstructibleBridge/TextbookDelta0TraceValidityFormula.lean:355:30: Used `tac1 <;> tac2` where `(tac1; tac2)` would suffice

Note: This linter can be disabled with `set_option linter.unnecessarySeqFocus false`
warning: BMSConstructibleBridge/TextbookDelta0TraceValidityFormula.lean:368:25: Used `tac1 <;> tac2` where `(tac1; tac2)` would suffice

Note: This linter can be disabled with `set_option linter.unnecessarySeqFocus false`
warning: BMSConstructibleBridge/TextbookDelta0TraceValidityFormula.lean:368:35: Used `tac1 <;> tac2` where `(tac1; tac2)` would suffice

Note: This linter can be disabled with `set_option linter.unnecessarySeqFocus false`
⚠ [1438/1473] Replayed BMSConstructibleBridge.TextbookDelta0ClassifierFormula
warning: BMSConstructibleBridge/TextbookDelta0ClassifierFormula.lean:111:14: try 'simp' instead of 'simpa'

Note: This linter can be disabled with `set_option linter.unnecessarySimpa false`
warning: BMSConstructibleBridge/TextbookDelta0ClassifierFormula.lean:66:33: Used `tac1 <;> tac2` where `(tac1; tac2)` would suffice

Note: This linter can be disabled with `set_option linter.unnecessarySeqFocus false`
warning: BMSConstructibleBridge/TextbookDelta0ClassifierFormula.lean:66:43: Used `tac1 <;> tac2` where `(tac1; tac2)` would suffice

Note: This linter can be disabled with `set_option linter.unnecessarySeqFocus false`
warning: BMSConstructibleBridge/TextbookDelta0ClassifierFormula.lean:88:34: Used `tac1 <;> tac2` where `(tac1; tac2)` would suffice

Note: This linter can be disabled with `set_option linter.unnecessarySeqFocus false`
warning: BMSConstructibleBridge/TextbookDelta0ClassifierFormula.lean:88:44: Used `tac1 <;> tac2` where `(tac1; tac2)` would suffice

Note: This linter can be disabled with `set_option linter.unnecessarySeqFocus false`
warning: BMSConstructibleBridge/TextbookDelta0ClassifierFormula.lean:112:82: Used `tac1 <;> tac2` where `(tac1; tac2)` would suffice

Note: This linter can be disabled with `set_option linter.unnecessarySeqFocus false`
warning: BMSConstructibleBridge/TextbookDelta0ClassifierFormula.lean:113:16: Used `tac1 <;> tac2` where `(tac1; tac2)` would suffice

Note: This linter can be disabled with `set_option linter.unnecessarySeqFocus false`
warning: BMSConstructibleBridge/TextbookDelta0ClassifierFormula.lean:119:41: Used `tac1 <;> tac2` where `(tac1; tac2)` would suffice

Note: This linter can be disabled with `set_option linter.unnecessarySeqFocus false`
warning: BMSConstructibleBridge/TextbookDelta0ClassifierFormula.lean:120:16: Used `tac1 <;> tac2` where `(tac1; tac2)` would suffice

Note: This linter can be disabled with `set_option linter.unnecessarySeqFocus false`
warning: BMSConstructibleBridge/TextbookDelta0ClassifierFormula.lean:137:29: Used `tac1 <;> tac2` where `(tac1; tac2)` would suffice

Note: This linter can be disabled with `set_option linter.unnecessarySeqFocus false`
warning: BMSConstructibleBridge/TextbookDelta0ClassifierFormula.lean:137:39: Used `tac1 <;> tac2` where `(tac1; tac2)` would suffice

Note: This linter can be disabled with `set_option linter.unnecessarySeqFocus false`
warning: BMSConstructibleBridge/TextbookDelta0ClassifierFormula.lean:144:18: Used `tac1 <;> tac2` where `(tac1; tac2)` would suffice

Note: This linter can be disabled with `set_option linter.unnecessarySeqFocus false`
warning: BMSConstructibleBridge/TextbookDelta0ClassifierFormula.lean:144:28: Used `tac1 <;> tac2` where `(tac1; tac2)` would suffice

Note: This linter can be disabled with `set_option linter.unnecessarySeqFocus false`
warning: BMSConstructibleBridge/TextbookDelta0ClassifierFormula.lean:194:25: Used `tac1 <;> tac2` where `(tac1; tac2)` would suffice

Note: This linter can be disabled with `set_option linter.unnecessarySeqFocus false`
warning: BMSConstructibleBridge/TextbookDelta0ClassifierFormula.lean:194:35: Used `tac1 <;> tac2` where `(tac1; tac2)` would suffice

Note: This linter can be disabled with `set_option linter.unnecessarySeqFocus false`
warning: BMSConstructibleBridge/TextbookDelta0ClassifierFormula.lean:216:28: Used `tac1 <;> tac2` where `(tac1; tac2)` would suffice

Note: This linter can be disabled with `set_option linter.unnecessarySeqFocus false`
warning: BMSConstructibleBridge/TextbookDelta0ClassifierFormula.lean:216:38: Used `tac1 <;> tac2` where `(tac1; tac2)` would suffice

Note: This linter can be disabled with `set_option linter.unnecessarySeqFocus false`
warning: BMSConstructibleBridge/TextbookDelta0ClassifierFormula.lean:224:32: Used `tac1 <;> tac2` where `(tac1; tac2)` would suffice

Note: This linter can be disabled with `set_option linter.unnecessarySeqFocus false`
warning: BMSConstructibleBridge/TextbookDelta0ClassifierFormula.lean:224:42: Used `tac1 <;> tac2` where `(tac1; tac2)` would suffice

Note: This linter can be disabled with `set_option linter.unnecessarySeqFocus false`
⚠ [1439/1473] Replayed BMSConstructibleBridge.TextbookDelta0ConjunctionRuleAbsolute
warning: BMSConstructibleBridge/TextbookDelta0ConjunctionRuleAbsolute.lean:74:31: Used `tac1 <;> tac2` where `(tac1; tac2)` would suffice

Note: This linter can be disabled with `set_option linter.unnecessarySeqFocus false`
warning: BMSConstructibleBridge/TextbookDelta0ConjunctionRuleAbsolute.lean:74:48: Used `tac1 <;> tac2` where `(tac1; tac2)` would suffice

Note: This linter can be disabled with `set_option linter.unnecessarySeqFocus false`
warning: BMSConstructibleBridge/TextbookDelta0ConjunctionRuleAbsolute.lean:78:32: Used `tac1 <;> tac2` where `(tac1; tac2)` would suffice

Note: This linter can be disabled with `set_option linter.unnecessarySeqFocus false`
warning: BMSConstructibleBridge/TextbookDelta0ConjunctionRuleAbsolute.lean:78:49: Used `tac1 <;> tac2` where `(tac1; tac2)` would suffice

Note: This linter can be disabled with `set_option linter.unnecessarySeqFocus false`
warning: BMSConstructibleBridge/TextbookDelta0ConjunctionRuleAbsolute.lean:176:28: Used `tac1 <;> tac2` where `(tac1; tac2)` would suffice

Note: This linter can be disabled with `set_option linter.unnecessarySeqFocus false`
warning: BMSConstructibleBridge/TextbookDelta0ConjunctionRuleAbsolute.lean:176:45: Used `tac1 <;> tac2` where `(tac1; tac2)` would suffice

Note: This linter can be disabled with `set_option linter.unnecessarySeqFocus false`
warning: BMSConstructibleBridge/TextbookDelta0ConjunctionRuleAbsolute.lean:177:29: Used `tac1 <;> tac2` where `(tac1; tac2)` would suffice

Note: This linter can be disabled with `set_option linter.unnecessarySeqFocus false`
warning: BMSConstructibleBridge/TextbookDelta0ConjunctionRuleAbsolute.lean:177:46: Used `tac1 <;> tac2` where `(tac1; tac2)` would suffice

Note: This linter can be disabled with `set_option linter.unnecessarySeqFocus false`
⚠ [1440/1473] Replayed BMSConstructibleBridge.TextbookDelta0BoundedExistsRuleAbsolute
warning: BMSConstructibleBridge/TextbookDelta0BoundedExistsRuleAbsolute.lean:151:19: This simp argument is unused:
  TextbookDelta0Judgment.arity

Hint: Omit it from the simp argument list.
  [apply] simp only [TextbookDelta0Judgment.code, TextbookDelta0Judgment.boundedExists] at hArityPred hEntryCode ⊢

Note: This linter can be disabled with `set_option linter.unusedSimpArgs false`
warning: BMSConstructibleBridge/TextbookDelta0BoundedExistsRuleAbsolute.lean:152:10: This simp argument is unused:
  TextbookDelta0Judgment.code

Hint: Omit it from the simp argument list.
  [apply] simp only [TextbookDelta0Judgment.arity, TextbookDelta0Judgment.boundedExists] at hArityPred hEntryCode ⊢

Note: This linter can be disabled with `set_option linter.unusedSimpArgs false`
warning: BMSConstructibleBridge/TextbookDelta0BoundedExistsRuleAbsolute.lean:76:34: Used `tac1 <;> tac2` where `(tac1; tac2)` would suffice

Note: This linter can be disabled with `set_option linter.unnecessarySeqFocus false`
warning: BMSConstructibleBridge/TextbookDelta0BoundedExistsRuleAbsolute.lean:76:51: Used `tac1 <;> tac2` where `(tac1; tac2)` would suffice

Note: This linter can be disabled with `set_option linter.unnecessarySeqFocus false`
warning: BMSConstructibleBridge/TextbookDelta0BoundedExistsRuleAbsolute.lean:207:31: Used `tac1 <;> tac2` where `(tac1; tac2)` would suffice

Note: This linter can be disabled with `set_option linter.unnecessarySeqFocus false`
warning: BMSConstructibleBridge/TextbookDelta0BoundedExistsRuleAbsolute.lean:207:48: Used `tac1 <;> tac2` where `(tac1; tac2)` would suffice

Note: This linter can be disabled with `set_option linter.unnecessarySeqFocus false`
⚠ [1442/1473] Replayed BMSConstructibleBridge.TextbookDelta0TraceValidityAbsolute
warning: BMSConstructibleBridge/TextbookDelta0TraceValidityAbsolute.lean:65:4: This simp argument is unused:
  satisfiesIn_imp_trace_iff

Hint: Omit it from the simp argument list.
  [apply] simp only [Model.SatisfiesIn, satisfiesIn_all_trace_iff, Model.snoc_eq_finSnoc]

Note: This linter can be disabled with `set_option linter.unusedSimpArgs false`
warning: BMSConstructibleBridge/TextbookDelta0TraceValidityAbsolute.lean:250:17: This simp argument is unused:
  textbookDelta0TraceRowMatrix_l

Hint: Omit it from the simp argument list.
  [apply] simp only [Model.SatisfiesIn, Model.satisfiesIn_rename]

Note: This linter can be disabled with `set_option linter.unusedSimpArgs false`
warning: BMSConstructibleBridge/TextbookDelta0TraceValidityAbsolute.lean:250:49: This simp argument is unused:
  Model.SatisfiesIn

Hint: Omit it from the simp argument list.
  [apply] simp only [textbookDelta0TraceRowMatrix_l, Model.satisfiesIn_rename]

Note: This linter can be disabled with `set_option linter.unusedSimpArgs false`
warning: BMSConstructibleBridge/TextbookDelta0TraceValidityAbsolute.lean:197:36: Used `tac1 <;> tac2` where `(tac1; tac2)` would suffice

Note: This linter can be disabled with `set_option linter.unnecessarySeqFocus false`
warning: BMSConstructibleBridge/TextbookDelta0TraceValidityAbsolute.lean:197:53: Used `tac1 <;> tac2` where `(tac1; tac2)` would suffice

Note: This linter can be disabled with `set_option linter.unnecessarySeqFocus false`
warning: BMSConstructibleBridge/TextbookDelta0TraceValidityAbsolute.lean:214:26: Used `tac1 <;> tac2` where `(tac1; tac2)` would suffice

Note: This linter can be disabled with `set_option linter.unnecessarySeqFocus false`
warning: BMSConstructibleBridge/TextbookDelta0TraceValidityAbsolute.lean:214:43: Used `tac1 <;> tac2` where `(tac1; tac2)` would suffice

Note: This linter can be disabled with `set_option linter.unnecessarySeqFocus false`
warning: BMSConstructibleBridge/TextbookDelta0TraceValidityAbsolute.lean:267:47: Used `tac1 <;> tac2` where `(tac1; tac2)` would suffice

Note: This linter can be disabled with `set_option linter.unnecessarySeqFocus false`
warning: BMSConstructibleBridge/TextbookDelta0TraceValidityAbsolute.lean:268:23: Used `tac1 <;> tac2` where `(tac1; tac2)` would suffice

Note: This linter can be disabled with `set_option linter.unnecessarySeqFocus false`
warning: BMSConstructibleBridge/TextbookDelta0TraceValidityAbsolute.lean:494:34: Used `tac1 <;> tac2` where `(tac1; tac2)` would suffice

Note: This linter can be disabled with `set_option linter.unnecessarySeqFocus false`
warning: BMSConstructibleBridge/TextbookDelta0TraceValidityAbsolute.lean:494:51: Used `tac1 <;> tac2` where `(tac1; tac2)` would suffice

Note: This linter can be disabled with `set_option linter.unnecessarySeqFocus false`
warning: BMSConstructibleBridge/TextbookDelta0TraceValidityAbsolute.lean:510:27: Used `tac1 <;> tac2` where `(tac1; tac2)` would suffice

Note: This linter can be disabled with `set_option linter.unnecessarySeqFocus false`
warning: BMSConstructibleBridge/TextbookDelta0TraceValidityAbsolute.lean:510:44: Used `tac1 <;> tac2` where `(tac1; tac2)` would suffice

Note: This linter can be disabled with `set_option linter.unnecessarySeqFocus false`
warning: BMSConstructibleBridge/TextbookDelta0TraceValidityAbsolute.lean:641:21: try 'simp' instead of 'simpa'

Note: This linter can be disabled with `set_option linter.unnecessarySimpa false`
warning: BMSConstructibleBridge/TextbookDelta0TraceValidityAbsolute.lean:652:30: Used `tac1 <;> tac2` where `(tac1; tac2)` would suffice

Note: This linter can be disabled with `set_option linter.unnecessarySeqFocus false`
warning: BMSConstructibleBridge/TextbookDelta0TraceValidityAbsolute.lean:666:25: Used `tac1 <;> tac2` where `(tac1; tac2)` would suffice

Note: This linter can be disabled with `set_option linter.unnecessarySeqFocus false`
warning: BMSConstructibleBridge/TextbookDelta0TraceValidityAbsolute.lean:666:42: Used `tac1 <;> tac2` where `(tac1; tac2)` would suffice

Note: This linter can be disabled with `set_option linter.unnecessarySeqFocus false`
⚠ [1443/1473] Replayed BMSConstructibleBridge.TextbookDelta0ClassifierAbsolute
warning: BMSConstructibleBridge/TextbookDelta0ClassifierAbsolute.lean:127:16: try 'simp' instead of 'simpa'

Note: This linter can be disabled with `set_option linter.unnecessarySimpa false`
warning: BMSConstructibleBridge/TextbookDelta0ClassifierAbsolute.lean:57:31: Used `tac1 <;> tac2` where `(tac1; tac2)` would suffice

Note: This linter can be disabled with `set_option linter.unnecessarySeqFocus false`
warning: BMSConstructibleBridge/TextbookDelta0ClassifierAbsolute.lean:57:48: Used `tac1 <;> tac2` where `(tac1; tac2)` would suffice

Note: This linter can be disabled with `set_option linter.unnecessarySeqFocus false`
warning: BMSConstructibleBridge/TextbookDelta0ClassifierAbsolute.lean:90:36: Used `tac1 <;> tac2` where `(tac1; tac2)` would suffice

Note: This linter can be disabled with `set_option linter.unnecessarySeqFocus false`
warning: BMSConstructibleBridge/TextbookDelta0ClassifierAbsolute.lean:90:53: Used `tac1 <;> tac2` where `(tac1; tac2)` would suffice

Note: This linter can be disabled with `set_option linter.unnecessarySeqFocus false`
warning: BMSConstructibleBridge/TextbookDelta0ClassifierAbsolute.lean:129:20: Used `tac1 <;> tac2` where `(tac1; tac2)` would suffice

Note: This linter can be disabled with `set_option linter.unnecessarySeqFocus false`
warning: BMSConstructibleBridge/TextbookDelta0ClassifierAbsolute.lean:129:37: Used `tac1 <;> tac2` where `(tac1; tac2)` would suffice

Note: This linter can be disabled with `set_option linter.unnecessarySeqFocus false`
warning: BMSConstructibleBridge/TextbookDelta0ClassifierAbsolute.lean:145:43: Used `tac1 <;> tac2` where `(tac1; tac2)` would suffice

Note: This linter can be disabled with `set_option linter.unnecessarySeqFocus false`
warning: BMSConstructibleBridge/TextbookDelta0ClassifierAbsolute.lean:146:25: Used `tac1 <;> tac2` where `(tac1; tac2)` would suffice

Note: This linter can be disabled with `set_option linter.unnecessarySeqFocus false`
warning: BMSConstructibleBridge/TextbookDelta0ClassifierAbsolute.lean:173:29: Used `tac1 <;> tac2` where `(tac1; tac2)` would suffice

Note: This linter can be disabled with `set_option linter.unnecessarySeqFocus false`
warning: BMSConstructibleBridge/TextbookDelta0ClassifierAbsolute.lean:173:46: Used `tac1 <;> tac2` where `(tac1; tac2)` would suffice

Note: This linter can be disabled with `set_option linter.unnecessarySeqFocus false`
warning: BMSConstructibleBridge/TextbookDelta0ClassifierAbsolute.lean:180:42: Used `tac1 <;> tac2` where `(tac1; tac2)` would suffice

Note: This linter can be disabled with `set_option linter.unnecessarySeqFocus false`
warning: BMSConstructibleBridge/TextbookDelta0ClassifierAbsolute.lean:181:23: Used `tac1 <;> tac2` where `(tac1; tac2)` would suffice

Note: This linter can be disabled with `set_option linter.unnecessarySeqFocus false`
warning: BMSConstructibleBridge/TextbookDelta0ClassifierAbsolute.lean:203:28: Used `tac1 <;> tac2` where `(tac1; tac2)` would suffice

Note: This linter can be disabled with `set_option linter.unnecessarySeqFocus false`
warning: BMSConstructibleBridge/TextbookDelta0ClassifierAbsolute.lean:203:45: Used `tac1 <;> tac2` where `(tac1; tac2)` would suffice

Note: This linter can be disabled with `set_option linter.unnecessarySeqFocus false`
warning: BMSConstructibleBridge/TextbookDelta0ClassifierAbsolute.lean:211:32: Used `tac1 <;> tac2` where `(tac1; tac2)` would suffice

Note: This linter can be disabled with `set_option linter.unnecessarySeqFocus false`
warning: BMSConstructibleBridge/TextbookDelta0ClassifierAbsolute.lean:211:49: Used `tac1 <;> tac2` where `(tac1; tac2)` would suffice

Note: This linter can be disabled with `set_option linter.unnecessarySeqFocus false`
warning: BMSConstructibleBridge/TextbookDelta0ClassifierAbsolute.lean:234:47: Used `tac1 <;> tac2` where `(tac1; tac2)` would suffice

Note: This linter can be disabled with `set_option linter.unnecessarySeqFocus false`
warning: BMSConstructibleBridge/TextbookDelta0ClassifierAbsolute.lean:235:21: Used `tac1 <;> tac2` where `(tac1; tac2)` would suffice

Note: This linter can be disabled with `set_option linter.unnecessarySeqFocus false`
⚠ [1444/1473] Replayed BMSConstructibleBridge.TextbookAmbientTruthDeltaRuleFormula
warning: BMSConstructibleBridge/TextbookAmbientTruthDeltaRuleFormula.lean:158:4: try 'simp' instead of 'simpa'

Note: This linter can be disabled with `set_option linter.unnecessarySimpa false`
warning: BMSConstructibleBridge/TextbookAmbientTruthDeltaRuleFormula.lean:164:4: try 'simp' instead of 'simpa'

Note: This linter can be disabled with `set_option linter.unnecessarySimpa false`
warning: BMSConstructibleBridge/TextbookAmbientTruthDeltaRuleFormula.lean:177:57: Used `tac1 <;> tac2` where `(tac1; tac2)` would suffice

Note: This linter can be disabled with `set_option linter.unnecessarySeqFocus false`
warning: BMSConstructibleBridge/TextbookAmbientTruthDeltaRuleFormula.lean:178:19: Used `tac1 <;> tac2` where `(tac1; tac2)` would suffice

Note: This linter can be disabled with `set_option linter.unnecessarySeqFocus false`
warning: BMSConstructibleBridge/TextbookAmbientTruthDeltaRuleFormula.lean:186:34: Used `tac1 <;> tac2` where `(tac1; tac2)` would suffice

Note: This linter can be disabled with `set_option linter.unnecessarySeqFocus false`
warning: BMSConstructibleBridge/TextbookAmbientTruthDeltaRuleFormula.lean:187:19: Used `tac1 <;> tac2` where `(tac1; tac2)` would suffice

Note: This linter can be disabled with `set_option linter.unnecessarySeqFocus false`
warning: BMSConstructibleBridge/TextbookAmbientTruthDeltaRuleFormula.lean:323:73: This simp argument is unused:
  h

Hint: Omit it from the simp argument list.
  [apply] simp [textbookBoundedLevyPolarityCode_l, truth]

Note: This linter can be disabled with `set_option linter.unusedSimpArgs false`
⚠ [1445/1473] Replayed BMSConstructibleBridge.TextbookAmbientTruthNegationRuleFormula
warning: BMSConstructibleBridge/TextbookAmbientTruthNegationRuleFormula.lean:178:6: try 'simp' instead of 'simpa'

Note: This linter can be disabled with `set_option linter.unnecessarySimpa false`
warning: BMSConstructibleBridge/TextbookAmbientTruthNegationRuleFormula.lean:97:30: Used `tac1 <;> tac2` where `(tac1; tac2)` would suffice

Note: This linter can be disabled with `set_option linter.unnecessarySeqFocus false`
warning: BMSConstructibleBridge/TextbookAmbientTruthNegationRuleFormula.lean:98:21: Used `tac1 <;> tac2` where `(tac1; tac2)` would suffice

Note: This linter can be disabled with `set_option linter.unnecessarySeqFocus false`
warning: BMSConstructibleBridge/TextbookAmbientTruthNegationRuleFormula.lean:164:31: Used `tac1 <;> tac2` where `(tac1; tac2)` would suffice

Note: This linter can be disabled with `set_option linter.unnecessarySeqFocus false`
warning: BMSConstructibleBridge/TextbookAmbientTruthNegationRuleFormula.lean:165:21: Used `tac1 <;> tac2` where `(tac1; tac2)` would suffice

Note: This linter can be disabled with `set_option linter.unnecessarySeqFocus false`
warning: BMSConstructibleBridge/TextbookAmbientTruthNegationRuleFormula.lean:240:30: Used `tac1 <;> tac2` where `(tac1; tac2)` would suffice

Note: This linter can be disabled with `set_option linter.unnecessarySeqFocus false`
warning: BMSConstructibleBridge/TextbookAmbientTruthNegationRuleFormula.lean:241:21: Used `tac1 <;> tac2` where `(tac1; tac2)` would suffice

Note: This linter can be disabled with `set_option linter.unnecessarySeqFocus false`
warning: BMSConstructibleBridge/TextbookAmbientTruthNegationRuleFormula.lean:381:31: Used `tac1 <;> tac2` where `(tac1; tac2)` would suffice

Note: This linter can be disabled with `set_option linter.unnecessarySeqFocus false`
warning: BMSConstructibleBridge/TextbookAmbientTruthNegationRuleFormula.lean:382:21: Used `tac1 <;> tac2` where `(tac1; tac2)` would suffice

Note: This linter can be disabled with `set_option linter.unnecessarySeqFocus false`
⚠ [1448/1473] Replayed BMSConstructibleBridge.TextbookBoundedLevyNegationRule
warning: BMSConstructibleBridge/TextbookBoundedLevyNegationRule.lean:167:6: try 'simp' instead of 'simpa'

Note: This linter can be disabled with `set_option linter.unnecessarySimpa false`
⚠ [1450/1473] Replayed BMSConstructibleBridge.TextbookBoundedLevyExistentialRule
warning: BMSConstructibleBridge/TextbookBoundedLevyExistentialRule.lean:163:6: try 'simp' instead of 'simpa'

Note: This linter can be disabled with `set_option linter.unnecessarySimpa false`
⚠ [1451/1473] Replayed BMSConstructibleBridge.TextbookBoundedLevyConjunctionRule
warning: BMSConstructibleBridge/TextbookBoundedLevyConjunctionRule.lean:192:6: try 'simp' instead of 'simpa'

Note: This linter can be disabled with `set_option linter.unnecessarySimpa false`
warning: BMSConstructibleBridge/TextbookBoundedLevyConjunctionRule.lean:183:28: Used `tac1 <;> tac2` where `(tac1; tac2)` would suffice

Note: This linter can be disabled with `set_option linter.unnecessarySeqFocus false`
warning: BMSConstructibleBridge/TextbookBoundedLevyConjunctionRule.lean:183:38: Used `tac1 <;> tac2` where `(tac1; tac2)` would suffice

Note: This linter can be disabled with `set_option linter.unnecessarySeqFocus false`
warning: BMSConstructibleBridge/TextbookBoundedLevyConjunctionRule.lean:184:29: Used `tac1 <;> tac2` where `(tac1; tac2)` would suffice

Note: This linter can be disabled with `set_option linter.unnecessarySeqFocus false`
warning: BMSConstructibleBridge/TextbookBoundedLevyConjunctionRule.lean:184:39: Used `tac1 <;> tac2` where `(tac1; tac2)` would suffice

Note: This linter can be disabled with `set_option linter.unnecessarySeqFocus false`
⚠ [1453/1473] Replayed BMSConstructibleBridge.TextbookBoundedLevyTraceValidityFormula
warning: BMSConstructibleBridge/TextbookBoundedLevyTraceValidityFormula.lean:126:38: Used `tac1 <;> tac2` where `(tac1; tac2)` would suffice

Note: This linter can be disabled with `set_option linter.unnecessarySeqFocus false`
warning: BMSConstructibleBridge/TextbookBoundedLevyTraceValidityFormula.lean:126:48: Used `tac1 <;> tac2` where `(tac1; tac2)` would suffice

Note: This linter can be disabled with `set_option linter.unnecessarySeqFocus false`
warning: BMSConstructibleBridge/TextbookBoundedLevyTraceValidityFormula.lean:132:26: Used `tac1 <;> tac2` where `(tac1; tac2)` would suffice

Note: This linter can be disabled with `set_option linter.unnecessarySeqFocus false`
warning: BMSConstructibleBridge/TextbookBoundedLevyTraceValidityFormula.lean:132:36: Used `tac1 <;> tac2` where `(tac1; tac2)` would suffice

Note: This linter can be disabled with `set_option linter.unnecessarySeqFocus false`
warning: BMSConstructibleBridge/TextbookBoundedLevyTraceValidityFormula.lean:151:51: Used `tac1 <;> tac2` where `(tac1; tac2)` would suffice

Note: This linter can be disabled with `set_option linter.unnecessarySeqFocus false`
warning: BMSConstructibleBridge/TextbookBoundedLevyTraceValidityFormula.lean:152:16: Used `tac1 <;> tac2` where `(tac1; tac2)` would suffice

Note: This linter can be disabled with `set_option linter.unnecessarySeqFocus false`
warning: BMSConstructibleBridge/TextbookBoundedLevyTraceValidityFormula.lean:155:18: Used `tac1 <;> tac2` where `(tac1; tac2)` would suffice

Note: This linter can be disabled with `set_option linter.unnecessarySeqFocus false`
warning: BMSConstructibleBridge/TextbookBoundedLevyTraceValidityFormula.lean:155:28: Used `tac1 <;> tac2` where `(tac1; tac2)` would suffice

Note: This linter can be disabled with `set_option linter.unnecessarySeqFocus false`
warning: BMSConstructibleBridge/TextbookBoundedLevyTraceValidityFormula.lean:189:36: Used `tac1 <;> tac2` where `(tac1; tac2)` would suffice

Note: This linter can be disabled with `set_option linter.unnecessarySeqFocus false`
warning: BMSConstructibleBridge/TextbookBoundedLevyTraceValidityFormula.lean:189:46: Used `tac1 <;> tac2` where `(tac1; tac2)` would suffice

Note: This linter can be disabled with `set_option linter.unnecessarySeqFocus false`
warning: BMSConstructibleBridge/TextbookBoundedLevyTraceValidityFormula.lean:195:27: Used `tac1 <;> tac2` where `(tac1; tac2)` would suffice

Note: This linter can be disabled with `set_option linter.unnecessarySeqFocus false`
warning: BMSConstructibleBridge/TextbookBoundedLevyTraceValidityFormula.lean:195:37: Used `tac1 <;> tac2` where `(tac1; tac2)` would suffice

Note: This linter can be disabled with `set_option linter.unnecessarySeqFocus false`
warning: BMSConstructibleBridge/TextbookBoundedLevyTraceValidityFormula.lean:336:21: try 'simp' instead of 'simpa'

Note: This linter can be disabled with `set_option linter.unnecessarySimpa false`
warning: BMSConstructibleBridge/TextbookBoundedLevyTraceValidityFormula.lean:347:30: Used `tac1 <;> tac2` where `(tac1; tac2)` would suffice

Note: This linter can be disabled with `set_option linter.unnecessarySeqFocus false`
warning: BMSConstructibleBridge/TextbookBoundedLevyTraceValidityFormula.lean:360:25: Used `tac1 <;> tac2` where `(tac1; tac2)` would suffice

Note: This linter can be disabled with `set_option linter.unnecessarySeqFocus false`
warning: BMSConstructibleBridge/TextbookBoundedLevyTraceValidityFormula.lean:360:35: Used `tac1 <;> tac2` where `(tac1; tac2)` would suffice

Note: This linter can be disabled with `set_option linter.unnecessarySeqFocus false`
⚠ [1454/1473] Replayed BMSConstructibleBridge.TextbookBoundedLevyClassifierFormula
warning: BMSConstructibleBridge/TextbookBoundedLevyClassifierFormula.lean:109:14: try 'simp' instead of 'simpa'

Note: This linter can be disabled with `set_option linter.unnecessarySimpa false`
warning: BMSConstructibleBridge/TextbookBoundedLevyClassifierFormula.lean:68:33: Used `tac1 <;> tac2` where `(tac1; tac2)` would suffice

Note: This linter can be disabled with `set_option linter.unnecessarySeqFocus false`
warning: BMSConstructibleBridge/TextbookBoundedLevyClassifierFormula.lean:68:43: Used `tac1 <;> tac2` where `(tac1; tac2)` would suffice

Note: This linter can be disabled with `set_option linter.unnecessarySeqFocus false`
warning: BMSConstructibleBridge/TextbookBoundedLevyClassifierFormula.lean:89:38: Used `tac1 <;> tac2` where `(tac1; tac2)` would suffice

Note: This linter can be disabled with `set_option linter.unnecessarySeqFocus false`
warning: BMSConstructibleBridge/TextbookBoundedLevyClassifierFormula.lean:89:48: Used `tac1 <;> tac2` where `(tac1; tac2)` would suffice

Note: This linter can be disabled with `set_option linter.unnecessarySeqFocus false`
warning: BMSConstructibleBridge/TextbookBoundedLevyClassifierFormula.lean:110:87: Used `tac1 <;> tac2` where `(tac1; tac2)` would suffice

Note: This linter can be disabled with `set_option linter.unnecessarySeqFocus false`
warning: BMSConstructibleBridge/TextbookBoundedLevyClassifierFormula.lean:111:16: Used `tac1 <;> tac2` where `(tac1; tac2)` would suffice

Note: This linter can be disabled with `set_option linter.unnecessarySeqFocus false`
warning: BMSConstructibleBridge/TextbookBoundedLevyClassifierFormula.lean:117:51: Used `tac1 <;> tac2` where `(tac1; tac2)` would suffice

Note: This linter can be disabled with `set_option linter.unnecessarySeqFocus false`
warning: BMSConstructibleBridge/TextbookBoundedLevyClassifierFormula.lean:118:16: Used `tac1 <;> tac2` where `(tac1; tac2)` would suffice

Note: This linter can be disabled with `set_option linter.unnecessarySeqFocus false`
warning: BMSConstructibleBridge/TextbookBoundedLevyClassifierFormula.lean:136:29: Used `tac1 <;> tac2` where `(tac1; tac2)` would suffice

Note: This linter can be disabled with `set_option linter.unnecessarySeqFocus false`
warning: BMSConstructibleBridge/TextbookBoundedLevyClassifierFormula.lean:136:39: Used `tac1 <;> tac2` where `(tac1; tac2)` would suffice

Note: This linter can be disabled with `set_option linter.unnecessarySeqFocus false`
warning: BMSConstructibleBridge/TextbookBoundedLevyClassifierFormula.lean:143:18: Used `tac1 <;> tac2` where `(tac1; tac2)` would suffice

Note: This linter can be disabled with `set_option linter.unnecessarySeqFocus false`
warning: BMSConstructibleBridge/TextbookBoundedLevyClassifierFormula.lean:143:28: Used `tac1 <;> tac2` where `(tac1; tac2)` would suffice

Note: This linter can be disabled with `set_option linter.unnecessarySeqFocus false`
warning: BMSConstructibleBridge/TextbookBoundedLevyClassifierFormula.lean:195:25: Used `tac1 <;> tac2` where `(tac1; tac2)` would suffice

Note: This linter can be disabled with `set_option linter.unnecessarySeqFocus false`
warning: BMSConstructibleBridge/TextbookBoundedLevyClassifierFormula.lean:195:35: Used `tac1 <;> tac2` where `(tac1; tac2)` would suffice

Note: This linter can be disabled with `set_option linter.unnecessarySeqFocus false`
warning: BMSConstructibleBridge/TextbookBoundedLevyClassifierFormula.lean:219:28: Used `tac1 <;> tac2` where `(tac1; tac2)` would suffice

Note: This linter can be disabled with `set_option linter.unnecessarySeqFocus false`
warning: BMSConstructibleBridge/TextbookBoundedLevyClassifierFormula.lean:219:38: Used `tac1 <;> tac2` where `(tac1; tac2)` would suffice

Note: This linter can be disabled with `set_option linter.unnecessarySeqFocus false`
warning: BMSConstructibleBridge/TextbookBoundedLevyClassifierFormula.lean:227:32: Used `tac1 <;> tac2` where `(tac1; tac2)` would suffice

Note: This linter can be disabled with `set_option linter.unnecessarySeqFocus false`
warning: BMSConstructibleBridge/TextbookBoundedLevyClassifierFormula.lean:227:42: Used `tac1 <;> tac2` where `(tac1; tac2)` would suffice

Note: This linter can be disabled with `set_option linter.unnecessarySeqFocus false`
⚠ [1457/1473] Replayed BMSConstructibleBridge.TextbookBoundedLevyNegationRuleAbsolute
warning: BMSConstructibleBridge/TextbookBoundedLevyNegationRuleAbsolute.lean:82:30: Used `tac1 <;> tac2` where `(tac1; tac2)` would suffice

Note: This linter can be disabled with `set_option linter.unnecessarySeqFocus false`
warning: BMSConstructibleBridge/TextbookBoundedLevyNegationRuleAbsolute.lean:82:47: Used `tac1 <;> tac2` where `(tac1; tac2)` would suffice

Note: This linter can be disabled with `set_option linter.unnecessarySeqFocus false`
warning: BMSConstructibleBridge/TextbookBoundedLevyNegationRuleAbsolute.lean:191:31: Used `tac1 <;> tac2` where `(tac1; tac2)` would suffice

Note: This linter can be disabled with `set_option linter.unnecessarySeqFocus false`
warning: BMSConstructibleBridge/TextbookBoundedLevyNegationRuleAbsolute.lean:191:48: Used `tac1 <;> tac2` where `(tac1; tac2)` would suffice

Note: This linter can be disabled with `set_option linter.unnecessarySeqFocus false`
⚠ [1458/1473] Replayed BMSConstructibleBridge.TextbookBoundedLevyConjunctionRuleAbsolute
warning: BMSConstructibleBridge/TextbookBoundedLevyConjunctionRuleAbsolute.lean:225:28: Used `tac1 <;> tac2` where `(tac1; tac2)` would suffice

Note: This linter can be disabled with `set_option linter.unnecessarySeqFocus false`
warning: BMSConstructibleBridge/TextbookBoundedLevyConjunctionRuleAbsolute.lean:225:45: Used `tac1 <;> tac2` where `(tac1; tac2)` would suffice

Note: This linter can be disabled with `set_option linter.unnecessarySeqFocus false`
warning: BMSConstructibleBridge/TextbookBoundedLevyConjunctionRuleAbsolute.lean:226:29: Used `tac1 <;> tac2` where `(tac1; tac2)` would suffice

Note: This linter can be disabled with `set_option linter.unnecessarySeqFocus false`
warning: BMSConstructibleBridge/TextbookBoundedLevyConjunctionRuleAbsolute.lean:226:46: Used `tac1 <;> tac2` where `(tac1; tac2)` would suffice

Note: This linter can be disabled with `set_option linter.unnecessarySeqFocus false`
⚠ [1459/1473] Replayed BMSConstructibleBridge.TextbookBoundedLevyExistentialRuleAbsolute
warning: BMSConstructibleBridge/TextbookBoundedLevyExistentialRuleAbsolute.lean:206:6: try 'simp' instead of 'simpa'

Note: This linter can be disabled with `set_option linter.unnecessarySimpa false`
warning: BMSConstructibleBridge/TextbookBoundedLevyExistentialRuleAbsolute.lean:209:6: try 'simp' instead of 'simpa'

Note: This linter can be disabled with `set_option linter.unnecessarySimpa false`
warning: BMSConstructibleBridge/TextbookBoundedLevyExistentialRuleAbsolute.lean:73:30: Used `tac1 <;> tac2` where `(tac1; tac2)` would suffice

Note: This linter can be disabled with `set_option linter.unnecessarySeqFocus false`
warning: BMSConstructibleBridge/TextbookBoundedLevyExistentialRuleAbsolute.lean:73:47: Used `tac1 <;> tac2` where `(tac1; tac2)` would suffice

Note: This linter can be disabled with `set_option linter.unnecessarySeqFocus false`
warning: BMSConstructibleBridge/TextbookBoundedLevyExistentialRuleAbsolute.lean:203:31: Used `tac1 <;> tac2` where `(tac1; tac2)` would suffice

Note: This linter can be disabled with `set_option linter.unnecessarySeqFocus false`
warning: BMSConstructibleBridge/TextbookBoundedLevyExistentialRuleAbsolute.lean:203:48: Used `tac1 <;> tac2` where `(tac1; tac2)` would suffice

Note: This linter can be disabled with `set_option linter.unnecessarySeqFocus false`
⚠ [1460/1473] Replayed BMSConstructibleBridge.TextbookBoundedLevyRaiseRuleAbsolute
warning: BMSConstructibleBridge/TextbookBoundedLevyRaiseRuleAbsolute.lean:125:33: Used `tac1 <;> tac2` where `(tac1; tac2)` would suffice

Note: This linter can be disabled with `set_option linter.unnecessarySeqFocus false`
warning: BMSConstructibleBridge/TextbookBoundedLevyRaiseRuleAbsolute.lean:125:50: Used `tac1 <;> tac2` where `(tac1; tac2)` would suffice

Note: This linter can be disabled with `set_option linter.unnecessarySeqFocus false`
⚠ [1462/1473] Replayed BMSConstructibleBridge.TextbookBoundedLevyTraceValidityAbsolute
warning: BMSConstructibleBridge/TextbookBoundedLevyTraceValidityAbsolute.lean:65:4: This simp argument is unused:
  satisfiesIn_imp_trace_iff

Hint: Omit it from the simp argument list.
  [apply] simp only [Model.SatisfiesIn, satisfiesIn_all_trace_iff, Model.snoc_eq_finSnoc]

Note: This linter can be disabled with `set_option linter.unusedSimpArgs false`
warning: BMSConstructibleBridge/TextbookBoundedLevyTraceValidityAbsolute.lean:259:17: This simp argument is unused:
  textbookBoundedLevyTraceRowMatrix_l

Hint: Omit it from the simp argument list.
  [apply] simp only [Model.SatisfiesIn, Model.satisfiesIn_rename]

Note: This linter can be disabled with `set_option linter.unusedSimpArgs false`
warning: BMSConstructibleBridge/TextbookBoundedLevyTraceValidityAbsolute.lean:259:54: This simp argument is unused:
  Model.SatisfiesIn

Hint: Omit it from the simp argument list.
  [apply] simp only [textbookBoundedLevyTraceRowMatrix_l, Model.satisfiesIn_rename]

Note: This linter can be disabled with `set_option linter.unusedSimpArgs false`
warning: BMSConstructibleBridge/TextbookBoundedLevyTraceValidityAbsolute.lean:199:36: Used `tac1 <;> tac2` where `(tac1; tac2)` would suffice

Note: This linter can be disabled with `set_option linter.unnecessarySeqFocus false`
warning: BMSConstructibleBridge/TextbookBoundedLevyTraceValidityAbsolute.lean:199:53: Used `tac1 <;> tac2` where `(tac1; tac2)` would suffice

Note: This linter can be disabled with `set_option linter.unnecessarySeqFocus false`
warning: BMSConstructibleBridge/TextbookBoundedLevyTraceValidityAbsolute.lean:218:26: Used `tac1 <;> tac2` where `(tac1; tac2)` would suffice

Note: This linter can be disabled with `set_option linter.unnecessarySeqFocus false`
warning: BMSConstructibleBridge/TextbookBoundedLevyTraceValidityAbsolute.lean:218:43: Used `tac1 <;> tac2` where `(tac1; tac2)` would suffice

Note: This linter can be disabled with `set_option linter.unnecessarySeqFocus false`
warning: BMSConstructibleBridge/TextbookBoundedLevyTraceValidityAbsolute.lean:269:53: Used `tac1 <;> tac2` where `(tac1; tac2)` would suffice

Note: This linter can be disabled with `set_option linter.unnecessarySeqFocus false`
warning: BMSConstructibleBridge/TextbookBoundedLevyTraceValidityAbsolute.lean:270:25: Used `tac1 <;> tac2` where `(tac1; tac2)` would suffice

Note: This linter can be disabled with `set_option linter.unnecessarySeqFocus false`
warning: BMSConstructibleBridge/TextbookBoundedLevyTraceValidityAbsolute.lean:282:47: Used `tac1 <;> tac2` where `(tac1; tac2)` would suffice

Note: This linter can be disabled with `set_option linter.unnecessarySeqFocus false`
warning: BMSConstructibleBridge/TextbookBoundedLevyTraceValidityAbsolute.lean:283:23: Used `tac1 <;> tac2` where `(tac1; tac2)` would suffice

Note: This linter can be disabled with `set_option linter.unnecessarySeqFocus false`
warning: BMSConstructibleBridge/TextbookBoundedLevyTraceValidityAbsolute.lean:512:34: Used `tac1 <;> tac2` where `(tac1; tac2)` would suffice

Note: This linter can be disabled with `set_option linter.unnecessarySeqFocus false`
warning: BMSConstructibleBridge/TextbookBoundedLevyTraceValidityAbsolute.lean:512:51: Used `tac1 <;> tac2` where `(tac1; tac2)` would suffice

Note: This linter can be disabled with `set_option linter.unnecessarySeqFocus false`
warning: BMSConstructibleBridge/TextbookBoundedLevyTraceValidityAbsolute.lean:530:27: Used `tac1 <;> tac2` where `(tac1; tac2)` would suffice

Note: This linter can be disabled with `set_option linter.unnecessarySeqFocus false`
warning: BMSConstructibleBridge/TextbookBoundedLevyTraceValidityAbsolute.lean:530:44: Used `tac1 <;> tac2` where `(tac1; tac2)` would suffice

Note: This linter can be disabled with `set_option linter.unnecessarySeqFocus false`
warning: BMSConstructibleBridge/TextbookBoundedLevyTraceValidityAbsolute.lean:661:21: try 'simp' instead of 'simpa'

Note: This linter can be disabled with `set_option linter.unnecessarySimpa false`
warning: BMSConstructibleBridge/TextbookBoundedLevyTraceValidityAbsolute.lean:672:30: Used `tac1 <;> tac2` where `(tac1; tac2)` would suffice

Note: This linter can be disabled with `set_option linter.unnecessarySeqFocus false`
warning: BMSConstructibleBridge/TextbookBoundedLevyTraceValidityAbsolute.lean:686:25: Used `tac1 <;> tac2` where `(tac1; tac2)` would suffice

Note: This linter can be disabled with `set_option linter.unnecessarySeqFocus false`
warning: BMSConstructibleBridge/TextbookBoundedLevyTraceValidityAbsolute.lean:686:42: Used `tac1 <;> tac2` where `(tac1; tac2)` would suffice

Note: This linter can be disabled with `set_option linter.unnecessarySeqFocus false`
⚠ [1463/1473] Replayed BMSConstructibleBridge.TextbookBoundedLevyClassifierAbsolute
warning: BMSConstructibleBridge/TextbookBoundedLevyClassifierAbsolute.lean:133:16: try 'simp' instead of 'simpa'

Note: This linter can be disabled with `set_option linter.unnecessarySimpa false`
warning: BMSConstructibleBridge/TextbookBoundedLevyClassifierAbsolute.lean:59:31: Used `tac1 <;> tac2` where `(tac1; tac2)` would suffice

Note: This linter can be disabled with `set_option linter.unnecessarySeqFocus false`
warning: BMSConstructibleBridge/TextbookBoundedLevyClassifierAbsolute.lean:59:48: Used `tac1 <;> tac2` where `(tac1; tac2)` would suffice

Note: This linter can be disabled with `set_option linter.unnecessarySeqFocus false`
warning: BMSConstructibleBridge/TextbookBoundedLevyClassifierAbsolute.lean:93:36: Used `tac1 <;> tac2` where `(tac1; tac2)` would suffice

Note: This linter can be disabled with `set_option linter.unnecessarySeqFocus false`
warning: BMSConstructibleBridge/TextbookBoundedLevyClassifierAbsolute.lean:93:53: Used `tac1 <;> tac2` where `(tac1; tac2)` would suffice

Note: This linter can be disabled with `set_option linter.unnecessarySeqFocus false`
warning: BMSConstructibleBridge/TextbookBoundedLevyClassifierAbsolute.lean:135:20: Used `tac1 <;> tac2` where `(tac1; tac2)` would suffice

Note: This linter can be disabled with `set_option linter.unnecessarySeqFocus false`
warning: BMSConstructibleBridge/TextbookBoundedLevyClassifierAbsolute.lean:135:37: Used `tac1 <;> tac2` where `(tac1; tac2)` would suffice

Note: This linter can be disabled with `set_option linter.unnecessarySeqFocus false`
warning: BMSConstructibleBridge/TextbookBoundedLevyClassifierAbsolute.lean:151:53: Used `tac1 <;> tac2` where `(tac1; tac2)` would suffice

Note: This linter can be disabled with `set_option linter.unnecessarySeqFocus false`
warning: BMSConstructibleBridge/TextbookBoundedLevyClassifierAbsolute.lean:152:25: Used `tac1 <;> tac2` where `(tac1; tac2)` would suffice

Note: This linter can be disabled with `set_option linter.unnecessarySeqFocus false`
warning: BMSConstructibleBridge/TextbookBoundedLevyClassifierAbsolute.lean:182:29: Used `tac1 <;> tac2` where `(tac1; tac2)` would suffice

Note: This linter can be disabled with `set_option linter.unnecessarySeqFocus false`
warning: BMSConstructibleBridge/TextbookBoundedLevyClassifierAbsolute.lean:182:46: Used `tac1 <;> tac2` where `(tac1; tac2)` would suffice

Note: This linter can be disabled with `set_option linter.unnecessarySeqFocus false`
warning: BMSConstructibleBridge/TextbookBoundedLevyClassifierAbsolute.lean:189:42: Used `tac1 <;> tac2` where `(tac1; tac2)` would suffice

Note: This linter can be disabled with `set_option linter.unnecessarySeqFocus false`
warning: BMSConstructibleBridge/TextbookBoundedLevyClassifierAbsolute.lean:190:23: Used `tac1 <;> tac2` where `(tac1; tac2)` would suffice

Note: This linter can be disabled with `set_option linter.unnecessarySeqFocus false`
warning: BMSConstructibleBridge/TextbookBoundedLevyClassifierAbsolute.lean:214:28: Used `tac1 <;> tac2` where `(tac1; tac2)` would suffice

Note: This linter can be disabled with `set_option linter.unnecessarySeqFocus false`
warning: BMSConstructibleBridge/TextbookBoundedLevyClassifierAbsolute.lean:214:45: Used `tac1 <;> tac2` where `(tac1; tac2)` would suffice

Note: This linter can be disabled with `set_option linter.unnecessarySeqFocus false`
warning: BMSConstructibleBridge/TextbookBoundedLevyClassifierAbsolute.lean:222:32: Used `tac1 <;> tac2` where `(tac1; tac2)` would suffice

Note: This linter can be disabled with `set_option linter.unnecessarySeqFocus false`
warning: BMSConstructibleBridge/TextbookBoundedLevyClassifierAbsolute.lean:222:49: Used `tac1 <;> tac2` where `(tac1; tac2)` would suffice

Note: This linter can be disabled with `set_option linter.unnecessarySeqFocus false`
warning: BMSConstructibleBridge/TextbookBoundedLevyClassifierAbsolute.lean:245:47: Used `tac1 <;> tac2` where `(tac1; tac2)` would suffice

Note: This linter can be disabled with `set_option linter.unnecessarySeqFocus false`
warning: BMSConstructibleBridge/TextbookBoundedLevyClassifierAbsolute.lean:246:21: Used `tac1 <;> tac2` where `(tac1; tac2)` would suffice

Note: This linter can be disabled with `set_option linter.unnecessarySeqFocus false`
⚠ [1465/1498] Replayed BMSConstructibleBridge.TextbookAmbientTruthConjunctionRuleFormula
warning: BMSConstructibleBridge/TextbookAmbientTruthConjunctionRuleFormula.lean:268:6: try 'simp' instead of 'simpa'

Note: This linter can be disabled with `set_option linter.unnecessarySimpa false`
warning: BMSConstructibleBridge/TextbookAmbientTruthConjunctionRuleFormula.lean:165:31: Used `tac1 <;> tac2` where `(tac1; tac2)` would suffice

Note: This linter can be disabled with `set_option linter.unnecessarySeqFocus false`
warning: BMSConstructibleBridge/TextbookAmbientTruthConjunctionRuleFormula.lean:166:21: Used `tac1 <;> tac2` where `(tac1; tac2)` would suffice

Note: This linter can be disabled with `set_option linter.unnecessarySeqFocus false`
warning: BMSConstructibleBridge/TextbookAmbientTruthConjunctionRuleFormula.lean:171:32: Used `tac1 <;> tac2` where `(tac1; tac2)` would suffice

Note: This linter can be disabled with `set_option linter.unnecessarySeqFocus false`
warning: BMSConstructibleBridge/TextbookAmbientTruthConjunctionRuleFormula.lean:172:21: Used `tac1 <;> tac2` where `(tac1; tac2)` would suffice

Note: This linter can be disabled with `set_option linter.unnecessarySeqFocus false`
warning: BMSConstructibleBridge/TextbookAmbientTruthConjunctionRuleFormula.lean:254:28: Used `tac1 <;> tac2` where `(tac1; tac2)` would suffice

Note: This linter can be disabled with `set_option linter.unnecessarySeqFocus false`
warning: BMSConstructibleBridge/TextbookAmbientTruthConjunctionRuleFormula.lean:255:21: Used `tac1 <;> tac2` where `(tac1; tac2)` would suffice

Note: This linter can be disabled with `set_option linter.unnecessarySeqFocus false`
warning: BMSConstructibleBridge/TextbookAmbientTruthConjunctionRuleFormula.lean:256:29: Used `tac1 <;> tac2` where `(tac1; tac2)` would suffice

Note: This linter can be disabled with `set_option linter.unnecessarySeqFocus false`
warning: BMSConstructibleBridge/TextbookAmbientTruthConjunctionRuleFormula.lean:257:21: Used `tac1 <;> tac2` where `(tac1; tac2)` would suffice

Note: This linter can be disabled with `set_option linter.unnecessarySeqFocus false`
warning: BMSConstructibleBridge/TextbookAmbientTruthConjunctionRuleFormula.lean:410:6: try 'simp' instead of 'simpa'

Note: This linter can be disabled with `set_option linter.unnecessarySimpa false`
warning: BMSConstructibleBridge/TextbookAmbientTruthConjunctionRuleFormula.lean:319:31: Used `tac1 <;> tac2` where `(tac1; tac2)` would suffice

Note: This linter can be disabled with `set_option linter.unnecessarySeqFocus false`
warning: BMSConstructibleBridge/TextbookAmbientTruthConjunctionRuleFormula.lean:320:21: Used `tac1 <;> tac2` where `(tac1; tac2)` would suffice

Note: This linter can be disabled with `set_option linter.unnecessarySeqFocus false`
warning: BMSConstructibleBridge/TextbookAmbientTruthConjunctionRuleFormula.lean:351:37: Used `tac1 <;> tac2` where `(tac1; tac2)` would suffice

Note: This linter can be disabled with `set_option linter.unnecessarySeqFocus false`
warning: BMSConstructibleBridge/TextbookAmbientTruthConjunctionRuleFormula.lean:352:21: Used `tac1 <;> tac2` where `(tac1; tac2)` would suffice

Note: This linter can be disabled with `set_option linter.unnecessarySeqFocus false`
warning: BMSConstructibleBridge/TextbookAmbientTruthConjunctionRuleFormula.lean:395:28: Used `tac1 <;> tac2` where `(tac1; tac2)` would suffice

Note: This linter can be disabled with `set_option linter.unnecessarySeqFocus false`
warning: BMSConstructibleBridge/TextbookAmbientTruthConjunctionRuleFormula.lean:396:21: Used `tac1 <;> tac2` where `(tac1; tac2)` would suffice

Note: This linter can be disabled with `set_option linter.unnecessarySeqFocus false`
warning: BMSConstructibleBridge/TextbookAmbientTruthConjunctionRuleFormula.lean:400:34: Used `tac1 <;> tac2` where `(tac1; tac2)` would suffice

Note: This linter can be disabled with `set_option linter.unnecessarySeqFocus false`
warning: BMSConstructibleBridge/TextbookAmbientTruthConjunctionRuleFormula.lean:401:21: Used `tac1 <;> tac2` where `(tac1; tac2)` would suffice

Note: This linter can be disabled with `set_option linter.unnecessarySeqFocus false`
warning: BMSConstructibleBridge/TextbookAmbientTruthConjunctionRuleFormula.lean:554:6: try 'simp' instead of 'simpa'

Note: This linter can be disabled with `set_option linter.unnecessarySimpa false`
warning: BMSConstructibleBridge/TextbookAmbientTruthConjunctionRuleFormula.lean:462:32: Used `tac1 <;> tac2` where `(tac1; tac2)` would suffice

Note: This linter can be disabled with `set_option linter.unnecessarySeqFocus false`
warning: BMSConstructibleBridge/TextbookAmbientTruthConjunctionRuleFormula.lean:463:21: Used `tac1 <;> tac2` where `(tac1; tac2)` would suffice

Note: This linter can be disabled with `set_option linter.unnecessarySeqFocus false`
warning: BMSConstructibleBridge/TextbookAmbientTruthConjunctionRuleFormula.lean:494:37: Used `tac1 <;> tac2` where `(tac1; tac2)` would suffice

Note: This linter can be disabled with `set_option linter.unnecessarySeqFocus false`
warning: BMSConstructibleBridge/TextbookAmbientTruthConjunctionRuleFormula.lean:495:21: Used `tac1 <;> tac2` where `(tac1; tac2)` would suffice

Note: This linter can be disabled with `set_option linter.unnecessarySeqFocus false`
warning: BMSConstructibleBridge/TextbookAmbientTruthConjunctionRuleFormula.lean:542:34: Used `tac1 <;> tac2` where `(tac1; tac2)` would suffice

Note: This linter can be disabled with `set_option linter.unnecessarySeqFocus false`
warning: BMSConstructibleBridge/TextbookAmbientTruthConjunctionRuleFormula.lean:543:21: Used `tac1 <;> tac2` where `(tac1; tac2)` would suffice

Note: This linter can be disabled with `set_option linter.unnecessarySeqFocus false`
warning: BMSConstructibleBridge/TextbookAmbientTruthConjunctionRuleFormula.lean:545:29: Used `tac1 <;> tac2` where `(tac1; tac2)` would suffice

Note: This linter can be disabled with `set_option linter.unnecessarySeqFocus false`
warning: BMSConstructibleBridge/TextbookAmbientTruthConjunctionRuleFormula.lean:546:21: Used `tac1 <;> tac2` where `(tac1; tac2)` would suffice

Note: This linter can be disabled with `set_option linter.unnecessarySeqFocus false`
⚠ [1466/1498] Replayed BMSConstructibleBridge.TextbookAmbientTruthExistentialRuleFormula
warning: BMSConstructibleBridge/TextbookAmbientTruthExistentialRuleFormula.lean:219:6: try 'simp' instead of 'simpa'

Note: This linter can be disabled with `set_option linter.unnecessarySimpa false`
warning: BMSConstructibleBridge/TextbookAmbientTruthExistentialRuleFormula.lean:132:6: This simp argument is unused:
  Delta0Formula.satisfies_natLiteralDeltaAt_toFO

Hint: Omit it from the simp argument list.
  [apply] simp only [textbookAmbientTruthExistentialRuleBody_l, FOFormula.Satisfies, FOFormula.satisfies_rename,
    Delta0Formula.satisfies_toFO, satisfies_textbookInsertEqDeltaAt_l, Delta0Formula.satisfies_kuratowskiPairEqAt,
    TextbookNatFormula.satisfies_textbookECodeFormulaAt] at hBody

Note: This linter can be disabled with `set_option linter.unusedSimpArgs false`
warning: BMSConstructibleBridge/TextbookAmbientTruthExistentialRuleFormula.lean:195:6: This simp argument is unused:
  Delta0Formula.satisfies_natLiteralDeltaAt_toFO

Hint: Omit it from the simp argument list.
  [apply] simp only [textbookAmbientTruthExistentialRuleBody_l, FOFormula.Satisfies, FOFormula.satisfies_rename,
    Delta0Formula.satisfies_toFO, satisfies_textbookInsertEqDeltaAt_l, Delta0Formula.satisfies_kuratowskiPairEqAt,
    TextbookNatFormula.satisfies_textbookECodeFormulaAt]

Note: This linter can be disabled with `set_option linter.unusedSimpArgs false`
warning: BMSConstructibleBridge/TextbookAmbientTruthExistentialRuleFormula.lean:143:32: Used `tac1 <;> tac2` where `(tac1; tac2)` would suffice

Note: This linter can be disabled with `set_option linter.unnecessarySeqFocus false`
warning: BMSConstructibleBridge/TextbookAmbientTruthExistentialRuleFormula.lean:144:21: Used `tac1 <;> tac2` where `(tac1; tac2)` would suffice

Note: This linter can be disabled with `set_option linter.unnecessarySeqFocus false`
warning: BMSConstructibleBridge/TextbookAmbientTruthExistentialRuleFormula.lean:208:29: Used `tac1 <;> tac2` where `(tac1; tac2)` would suffice

Note: This linter can be disabled with `set_option linter.unnecessarySeqFocus false`
warning: BMSConstructibleBridge/TextbookAmbientTruthExistentialRuleFormula.lean:209:21: Used `tac1 <;> tac2` where `(tac1; tac2)` would suffice

Note: This linter can be disabled with `set_option linter.unnecessarySeqFocus false`
warning: BMSConstructibleBridge/TextbookAmbientTruthExistentialRuleFormula.lean:301:32: Used `tac1 <;> tac2` where `(tac1; tac2)` would suffice

Note: This linter can be disabled with `set_option linter.unnecessarySeqFocus false`
warning: BMSConstructibleBridge/TextbookAmbientTruthExistentialRuleFormula.lean:302:21: Used `tac1 <;> tac2` where `(tac1; tac2)` would suffice

Note: This linter can be disabled with `set_option linter.unnecessarySeqFocus false`
warning: BMSConstructibleBridge/TextbookAmbientTruthExistentialRuleFormula.lean:455:29: Used `tac1 <;> tac2` where `(tac1; tac2)` would suffice

Note: This linter can be disabled with `set_option linter.unnecessarySeqFocus false`
warning: BMSConstructibleBridge/TextbookAmbientTruthExistentialRuleFormula.lean:456:21: Used `tac1 <;> tac2` where `(tac1; tac2)` would suffice

Note: This linter can be disabled with `set_option linter.unnecessarySeqFocus false`
⚠ [1468/1498] Replayed BMSConstructibleBridge.TextbookAmbientTruthLowerRuleAbsolute
warning: BMSConstructibleBridge/TextbookAmbientTruthLowerRuleAbsolute.lean:209:10: This simp argument is unused:
  h

Hint: Omit it from the simp argument list.
  [apply] simp [textbookBoundedLevyPolarityCode_l]

Note: This linter can be disabled with `set_option linter.unusedSimpArgs false`
⚠ [1469/1498] Replayed BMSConstructibleBridge.TextbookAmbientTruthConjunctionRuleAbsolute
warning: BMSConstructibleBridge/TextbookAmbientTruthConjunctionRuleAbsolute.lean:103:31: Used `tac1 <;> tac2` where `(tac1; tac2)` would suffice

Note: This linter can be disabled with `set_option linter.unnecessarySeqFocus false`
warning: BMSConstructibleBridge/TextbookAmbientTruthConjunctionRuleAbsolute.lean:104:21: Used `tac1 <;> tac2` where `(tac1; tac2)` would suffice

Note: This linter can be disabled with `set_option linter.unnecessarySeqFocus false`
warning: BMSConstructibleBridge/TextbookAmbientTruthConjunctionRuleAbsolute.lean:109:32: Used `tac1 <;> tac2` where `(tac1; tac2)` would suffice

Note: This linter can be disabled with `set_option linter.unnecessarySeqFocus false`
warning: BMSConstructibleBridge/TextbookAmbientTruthConjunctionRuleAbsolute.lean:110:21: Used `tac1 <;> tac2` where `(tac1; tac2)` would suffice

Note: This linter can be disabled with `set_option linter.unnecessarySeqFocus false`
warning: BMSConstructibleBridge/TextbookAmbientTruthConjunctionRuleAbsolute.lean:290:28: Used `tac1 <;> tac2` where `(tac1; tac2)` would suffice

Note: This linter can be disabled with `set_option linter.unnecessarySeqFocus false`
warning: BMSConstructibleBridge/TextbookAmbientTruthConjunctionRuleAbsolute.lean:291:21: Used `tac1 <;> tac2` where `(tac1; tac2)` would suffice

Note: This linter can be disabled with `set_option linter.unnecessarySeqFocus false`
warning: BMSConstructibleBridge/TextbookAmbientTruthConjunctionRuleAbsolute.lean:292:29: Used `tac1 <;> tac2` where `(tac1; tac2)` would suffice

Note: This linter can be disabled with `set_option linter.unnecessarySeqFocus false`
warning: BMSConstructibleBridge/TextbookAmbientTruthConjunctionRuleAbsolute.lean:293:21: Used `tac1 <;> tac2` where `(tac1; tac2)` would suffice

Note: This linter can be disabled with `set_option linter.unnecessarySeqFocus false`
warning: BMSConstructibleBridge/TextbookAmbientTruthConjunctionRuleAbsolute.lean:394:31: Used `tac1 <;> tac2` where `(tac1; tac2)` would suffice

Note: This linter can be disabled with `set_option linter.unnecessarySeqFocus false`
warning: BMSConstructibleBridge/TextbookAmbientTruthConjunctionRuleAbsolute.lean:395:21: Used `tac1 <;> tac2` where `(tac1; tac2)` would suffice

Note: This linter can be disabled with `set_option linter.unnecessarySeqFocus false`
warning: BMSConstructibleBridge/TextbookAmbientTruthConjunctionRuleAbsolute.lean:441:37: Used `tac1 <;> tac2` where `(tac1; tac2)` would suffice

Note: This linter can be disabled with `set_option linter.unnecessarySeqFocus false`
warning: BMSConstructibleBridge/TextbookAmbientTruthConjunctionRuleAbsolute.lean:442:21: Used `tac1 <;> tac2` where `(tac1; tac2)` would suffice

Note: This linter can be disabled with `set_option linter.unnecessarySeqFocus false`
warning: BMSConstructibleBridge/TextbookAmbientTruthConjunctionRuleAbsolute.lean:534:28: Used `tac1 <;> tac2` where `(tac1; tac2)` would suffice

Note: This linter can be disabled with `set_option linter.unnecessarySeqFocus false`
warning: BMSConstructibleBridge/TextbookAmbientTruthConjunctionRuleAbsolute.lean:535:21: Used `tac1 <;> tac2` where `(tac1; tac2)` would suffice

Note: This linter can be disabled with `set_option linter.unnecessarySeqFocus false`
warning: BMSConstructibleBridge/TextbookAmbientTruthConjunctionRuleAbsolute.lean:539:34: Used `tac1 <;> tac2` where `(tac1; tac2)` would suffice

Note: This linter can be disabled with `set_option linter.unnecessarySeqFocus false`
warning: BMSConstructibleBridge/TextbookAmbientTruthConjunctionRuleAbsolute.lean:540:21: Used `tac1 <;> tac2` where `(tac1; tac2)` would suffice

Note: This linter can be disabled with `set_option linter.unnecessarySeqFocus false`
warning: BMSConstructibleBridge/TextbookAmbientTruthConjunctionRuleAbsolute.lean:635:32: Used `tac1 <;> tac2` where `(tac1; tac2)` would suffice

Note: This linter can be disabled with `set_option linter.unnecessarySeqFocus false`
warning: BMSConstructibleBridge/TextbookAmbientTruthConjunctionRuleAbsolute.lean:636:21: Used `tac1 <;> tac2` where `(tac1; tac2)` would suffice

Note: This linter can be disabled with `set_option linter.unnecessarySeqFocus false`
warning: BMSConstructibleBridge/TextbookAmbientTruthConjunctionRuleAbsolute.lean:682:37: Used `tac1 <;> tac2` where `(tac1; tac2)` would suffice

Note: This linter can be disabled with `set_option linter.unnecessarySeqFocus false`
warning: BMSConstructibleBridge/TextbookAmbientTruthConjunctionRuleAbsolute.lean:683:21: Used `tac1 <;> tac2` where `(tac1; tac2)` would suffice

Note: This linter can be disabled with `set_option linter.unnecessarySeqFocus false`
warning: BMSConstructibleBridge/TextbookAmbientTruthConjunctionRuleAbsolute.lean:779:34: Used `tac1 <;> tac2` where `(tac1; tac2)` would suffice

Note: This linter can be disabled with `set_option linter.unnecessarySeqFocus false`
warning: BMSConstructibleBridge/TextbookAmbientTruthConjunctionRuleAbsolute.lean:780:21: Used `tac1 <;> tac2` where `(tac1; tac2)` would suffice

Note: This linter can be disabled with `set_option linter.unnecessarySeqFocus false`
warning: BMSConstructibleBridge/TextbookAmbientTruthConjunctionRuleAbsolute.lean:782:29: Used `tac1 <;> tac2` where `(tac1; tac2)` would suffice

Note: This linter can be disabled with `set_option linter.unnecessarySeqFocus false`
warning: BMSConstructibleBridge/TextbookAmbientTruthConjunctionRuleAbsolute.lean:783:21: Used `tac1 <;> tac2` where `(tac1; tac2)` would suffice

Note: This linter can be disabled with `set_option linter.unnecessarySeqFocus false`
⚠ [1470/1498] Replayed BMSConstructibleBridge.TextbookAmbientTruthLocalRuleAbsolute
warning: BMSConstructibleBridge/TextbookAmbientTruthLocalRuleAbsolute.lean:56:13: This simp argument is unused:
  TextbookAmbientTruthJudgment_l.assignmentCode

Hint: Omit it from the simp argument list.
  [apply] simp only at hAssignment

Note: This linter can be disabled with `set_option linter.unusedSimpArgs false`
warning: BMSConstructibleBridge/TextbookAmbientTruthLocalRuleAbsolute.lean:734:32: Used `tac1 <;> tac2` where `(tac1; tac2)` would suffice

Note: This linter can be disabled with `set_option linter.unnecessarySeqFocus false`
warning: BMSConstructibleBridge/TextbookAmbientTruthLocalRuleAbsolute.lean:734:42: Used `tac1 <;> tac2` where `(tac1; tac2)` would suffice

Note: This linter can be disabled with `set_option linter.unnecessarySeqFocus false`
warning: BMSConstructibleBridge/TextbookAmbientTruthLocalRuleAbsolute.lean:755:33: Used `tac1 <;> tac2` where `(tac1; tac2)` would suffice

Note: This linter can be disabled with `set_option linter.unnecessarySeqFocus false`
warning: BMSConstructibleBridge/TextbookAmbientTruthLocalRuleAbsolute.lean:755:43: Used `tac1 <;> tac2` where `(tac1; tac2)` would suffice

Note: This linter can be disabled with `set_option linter.unnecessarySeqFocus false`
warning: BMSConstructibleBridge/TextbookAmbientTruthLocalRuleAbsolute.lean:808:32: Used `tac1 <;> tac2` where `(tac1; tac2)` would suffice

Note: This linter can be disabled with `set_option linter.unnecessarySeqFocus false`
warning: BMSConstructibleBridge/TextbookAmbientTruthLocalRuleAbsolute.lean:808:42: Used `tac1 <;> tac2` where `(tac1; tac2)` would suffice

Note: This linter can be disabled with `set_option linter.unnecessarySeqFocus false`
⚠ [1471/1498] Replayed BMSConstructibleBridge.TextbookAmbientTruthTraceValidityAbsolute
warning: BMSConstructibleBridge/TextbookAmbientTruthTraceValidityAbsolute.lean:181:17: This simp argument is unused:
  textbookAmbientTruthTraceRowMatrixFor_l

Hint: Omit it from the simp argument list.
  [apply] simp only [Model.SatisfiesIn, Model.satisfiesIn_rename]

Note: This linter can be disabled with `set_option linter.unusedSimpArgs false`
warning: BMSConstructibleBridge/TextbookAmbientTruthTraceValidityAbsolute.lean:182:8: This simp argument is unused:
  Model.SatisfiesIn

Hint: Omit it from the simp argument list.
  [apply] simp only [textbookAmbientTruthTraceRowMatrixFor_l, Model.satisfiesIn_rename]

Note: This linter can be disabled with `set_option linter.unusedSimpArgs false`
warning: BMSConstructibleBridge/TextbookAmbientTruthTraceValidityAbsolute.lean:109:36: Used `tac1 <;> tac2` where `(tac1; tac2)` would suffice

Note: This linter can be disabled with `set_option linter.unnecessarySeqFocus false`
warning: BMSConstructibleBridge/TextbookAmbientTruthTraceValidityAbsolute.lean:109:53: Used `tac1 <;> tac2` where `(tac1; tac2)` would suffice

Note: This linter can be disabled with `set_option linter.unnecessarySeqFocus false`
warning: BMSConstructibleBridge/TextbookAmbientTruthTraceValidityAbsolute.lean:128:27: Used `tac1 <;> tac2` where `(tac1; tac2)` would suffice

Note: This linter can be disabled with `set_option linter.unnecessarySeqFocus false`
warning: BMSConstructibleBridge/TextbookAmbientTruthTraceValidityAbsolute.lean:128:44: Used `tac1 <;> tac2` where `(tac1; tac2)` would suffice

Note: This linter can be disabled with `set_option linter.unnecessarySeqFocus false`
warning: BMSConstructibleBridge/TextbookAmbientTruthTraceValidityAbsolute.lean:191:58: Used `tac1 <;> tac2` where `(tac1; tac2)` would suffice

Note: This linter can be disabled with `set_option linter.unnecessarySeqFocus false`
warning: BMSConstructibleBridge/TextbookAmbientTruthTraceValidityAbsolute.lean:192:25: Used `tac1 <;> tac2` where `(tac1; tac2)` would suffice

Note: This linter can be disabled with `set_option linter.unnecessarySeqFocus false`
warning: BMSConstructibleBridge/TextbookAmbientTruthTraceValidityAbsolute.lean:204:29: Used `tac1 <;> tac2` where `(tac1; tac2)` would suffice

Note: This linter can be disabled with `set_option linter.unnecessarySeqFocus false`
warning: BMSConstructibleBridge/TextbookAmbientTruthTraceValidityAbsolute.lean:204:46: Used `tac1 <;> tac2` where `(tac1; tac2)` would suffice

Note: This linter can be disabled with `set_option linter.unnecessarySeqFocus false`
warning: BMSConstructibleBridge/TextbookAmbientTruthTraceValidityAbsolute.lean:448:34: Used `tac1 <;> tac2` where `(tac1; tac2)` would suffice

Note: This linter can be disabled with `set_option linter.unnecessarySeqFocus false`
warning: BMSConstructibleBridge/TextbookAmbientTruthTraceValidityAbsolute.lean:448:51: Used `tac1 <;> tac2` where `(tac1; tac2)` would suffice

Note: This linter can be disabled with `set_option linter.unnecessarySeqFocus false`
warning: BMSConstructibleBridge/TextbookAmbientTruthTraceValidityAbsolute.lean:467:27: Used `tac1 <;> tac2` where `(tac1; tac2)` would suffice

Note: This linter can be disabled with `set_option linter.unnecessarySeqFocus false`
warning: BMSConstructibleBridge/TextbookAmbientTruthTraceValidityAbsolute.lean:467:44: Used `tac1 <;> tac2` where `(tac1; tac2)` would suffice

Note: This linter can be disabled with `set_option linter.unnecessarySeqFocus false`
warning: BMSConstructibleBridge/TextbookAmbientTruthTraceValidityAbsolute.lean:611:21: try 'simp' instead of 'simpa'

Note: This linter can be disabled with `set_option linter.unnecessarySimpa false`
warning: BMSConstructibleBridge/TextbookAmbientTruthTraceValidityAbsolute.lean:476:25: Variable name `hTop` is not explicitly referenced.

Hint: The binding can be removed (if unused) or named `_` (if used implicitly). Alternatively, prefix the name with `_` to silence this warning:
  [apply] _hTop

Note: This linter can be disabled with `set_option linter.unusedVariables false`
warning: BMSConstructibleBridge/TextbookAmbientTruthTraceValidityAbsolute.lean:656:27: Used `tac1 <;> tac2` where `(tac1; tac2)` would suffice

Note: This linter can be disabled with `set_option linter.unnecessarySeqFocus false`
warning: BMSConstructibleBridge/TextbookAmbientTruthTraceValidityAbsolute.lean:656:44: Used `tac1 <;> tac2` where `(tac1; tac2)` would suffice

Note: This linter can be disabled with `set_option linter.unnecessarySeqFocus false`
⚠ [1472/1498] Replayed BMSConstructibleBridge.TextbookAmbientTruthClassifierAbsolute
warning: BMSConstructibleBridge/TextbookAmbientTruthClassifierAbsolute.lean:156:16: try 'simp' instead of 'simpa'

Note: This linter can be disabled with `set_option linter.unnecessarySimpa false`
warning: BMSConstructibleBridge/TextbookAmbientTruthClassifierAbsolute.lean:118:8: This simp argument is unused:
  TextbookAmbientTruthJudgment_l.assignmentCode

Hint: Omit it from the simp argument list.
  [apply] simp only [TextbookAmbientTruthJudgment_l.isSigma, TextbookAmbientTruthJudgment_l.level,
    TextbookAmbientTruthJudgment_l.arity,
    TextbookAmbientTruthJudgment_l.code] at hPolarity hLevel hArity hCode hDecodedAssignment ⊢

Note: This linter can be disabled with `set_option linter.unusedSimpArgs false`
warning: BMSConstructibleBridge/TextbookAmbientTruthClassifierAbsolute.lean:53:31: Used `tac1 <;> tac2` where `(tac1; tac2)` would suffice

Note: This linter can be disabled with `set_option linter.unnecessarySeqFocus false`
warning: BMSConstructibleBridge/TextbookAmbientTruthClassifierAbsolute.lean:53:48: Used `tac1 <;> tac2` where `(tac1; tac2)` would suffice

Note: This linter can be disabled with `set_option linter.unnecessarySeqFocus false`
warning: BMSConstructibleBridge/TextbookAmbientTruthClassifierAbsolute.lean:92:36: Used `tac1 <;> tac2` where `(tac1; tac2)` would suffice

Note: This linter can be disabled with `set_option linter.unnecessarySeqFocus false`
warning: BMSConstructibleBridge/TextbookAmbientTruthClassifierAbsolute.lean:92:53: Used `tac1 <;> tac2` where `(tac1; tac2)` would suffice

Note: This linter can be disabled with `set_option linter.unnecessarySeqFocus false`
warning: BMSConstructibleBridge/TextbookAmbientTruthClassifierAbsolute.lean:159:20: Used `tac1 <;> tac2` where `(tac1; tac2)` would suffice

Note: This linter can be disabled with `set_option linter.unnecessarySeqFocus false`
warning: BMSConstructibleBridge/TextbookAmbientTruthClassifierAbsolute.lean:159:37: Used `tac1 <;> tac2` where `(tac1; tac2)` would suffice

Note: This linter can be disabled with `set_option linter.unnecessarySeqFocus false`
warning: BMSConstructibleBridge/TextbookAmbientTruthClassifierAbsolute.lean:178:58: Used `tac1 <;> tac2` where `(tac1; tac2)` would suffice

Note: This linter can be disabled with `set_option linter.unnecessarySeqFocus false`
warning: BMSConstructibleBridge/TextbookAmbientTruthClassifierAbsolute.lean:179:25: Used `tac1 <;> tac2` where `(tac1; tac2)` would suffice

Note: This linter can be disabled with `set_option linter.unnecessarySeqFocus false`
warning: BMSConstructibleBridge/TextbookAmbientTruthClassifierAbsolute.lean:254:40: Try `simp at hRow` instead of `simpa using hRow`

Note: This linter can be disabled with `set_option linter.unnecessarySimpa false`
warning: BMSConstructibleBridge/TextbookAmbientTruthClassifierAbsolute.lean:258:40: Try `simp at hRow` instead of `simpa using hRow`

Note: This linter can be disabled with `set_option linter.unnecessarySimpa false`
warning: BMSConstructibleBridge/TextbookAmbientTruthClassifierAbsolute.lean:324:42: Try `simp at hRow` instead of `simpa using hRow`

Note: This linter can be disabled with `set_option linter.unnecessarySimpa false`
warning: BMSConstructibleBridge/TextbookAmbientTruthClassifierAbsolute.lean:327:42: Try `simp at hRow` instead of `simpa using hRow`

Note: This linter can be disabled with `set_option linter.unnecessarySimpa false`
warning: BMSConstructibleBridge/TextbookAmbientTruthClassifierAbsolute.lean:330:42: Try `simp at hRow` instead of `simpa using hRow`

Note: This linter can be disabled with `set_option linter.unnecessarySimpa false`
warning: BMSConstructibleBridge/TextbookAmbientTruthClassifierAbsolute.lean:333:42: Try `simp at hRow` instead of `simpa using hRow`

Note: This linter can be disabled with `set_option linter.unnecessarySimpa false`
warning: BMSConstructibleBridge/TextbookAmbientTruthClassifierAbsolute.lean:357:42: Try `simp at hRow` instead of `simpa using hRow`

Note: This linter can be disabled with `set_option linter.unnecessarySimpa false`
warning: BMSConstructibleBridge/TextbookAmbientTruthClassifierAbsolute.lean:360:42: Try `simp at hRow` instead of `simpa using hRow`

Note: This linter can be disabled with `set_option linter.unnecessarySimpa false`
warning: BMSConstructibleBridge/TextbookAmbientTruthClassifierAbsolute.lean:363:42: Try `simp at hRow` instead of `simpa using hRow`

Note: This linter can be disabled with `set_option linter.unnecessarySimpa false`
warning: BMSConstructibleBridge/TextbookAmbientTruthClassifierAbsolute.lean:366:42: Try `simp at hRow` instead of `simpa using hRow`

Note: This linter can be disabled with `set_option linter.unnecessarySimpa false`
warning: BMSConstructibleBridge/TextbookAmbientTruthClassifierAbsolute.lean:578:7: Variable name `hAssignments` is not explicitly referenced.

Hint: The binding can be removed (if unused) or named `_` (if used implicitly). Alternatively, prefix the name with `_` to silence this warning:
  [apply] _hAssignments

Note: This linter can be disabled with `set_option linter.unusedVariables false`
warning: BMSConstructibleBridge/TextbookAmbientTruthClassifierAbsolute.lean:658:33: Used `tac1 <;> tac2` where `(tac1; tac2)` would suffice

Note: This linter can be disabled with `set_option linter.unnecessarySeqFocus false`
warning: BMSConstructibleBridge/TextbookAmbientTruthClassifierAbsolute.lean:658:50: Used `tac1 <;> tac2` where `(tac1; tac2)` would suffice

Note: This linter can be disabled with `set_option linter.unnecessarySeqFocus false`
warning: BMSConstructibleBridge/TextbookAmbientTruthClassifierAbsolute.lean:666:32: Used `tac1 <;> tac2` where `(tac1; tac2)` would suffice

Note: This linter can be disabled with `set_option linter.unnecessarySeqFocus false`
warning: BMSConstructibleBridge/TextbookAmbientTruthClassifierAbsolute.lean:666:49: Used `tac1 <;> tac2` where `(tac1; tac2)` would suffice

Note: This linter can be disabled with `set_option linter.unnecessarySeqFocus false`
warning: BMSConstructibleBridge/TextbookAmbientTruthClassifierAbsolute.lean:675:34: Used `tac1 <;> tac2` where `(tac1; tac2)` would suffice

Note: This linter can be disabled with `set_option linter.unnecessarySeqFocus false`
warning: BMSConstructibleBridge/TextbookAmbientTruthClassifierAbsolute.lean:675:51: Used `tac1 <;> tac2` where `(tac1; tac2)` would suffice

Note: This linter can be disabled with `set_option linter.unnecessarySeqFocus false`
warning: BMSConstructibleBridge/TextbookAmbientTruthClassifierAbsolute.lean:731:74: Used `tac1 <;> tac2` where `(tac1; tac2)` would suffice

Note: This linter can be disabled with `set_option linter.unnecessarySeqFocus false`
warning: BMSConstructibleBridge/TextbookAmbientTruthClassifierAbsolute.lean:732:27: Used `tac1 <;> tac2` where `(tac1; tac2)` would suffice

Note: This linter can be disabled with `set_option linter.unnecessarySeqFocus false`
warning: BMSConstructibleBridge/TextbookAmbientTruthClassifierAbsolute.lean:736:30: Used `tac1 <;> tac2` where `(tac1; tac2)` would suffice

Note: This linter can be disabled with `set_option linter.unnecessarySeqFocus false`
warning: BMSConstructibleBridge/TextbookAmbientTruthClassifierAbsolute.lean:736:47: Used `tac1 <;> tac2` where `(tac1; tac2)` would suffice

Note: This linter can be disabled with `set_option linter.unnecessarySeqFocus false`
⚠ [1474/1498] Replayed BMSConstructibleBridge.TextbookLevyNegationRule
warning: BMSConstructibleBridge/TextbookLevyNegationRule.lean:167:6: try 'simp' instead of 'simpa'

Note: This linter can be disabled with `set_option linter.unnecessarySimpa false`
⚠ [1476/1498] Replayed BMSConstructibleBridge.TextbookLevyExistentialRule
warning: BMSConstructibleBridge/TextbookLevyExistentialRule.lean:163:6: try 'simp' instead of 'simpa'

Note: This linter can be disabled with `set_option linter.unnecessarySimpa false`
⚠ [1477/1498] Replayed BMSConstructibleBridge.TextbookLevyConjunctionRule
warning: BMSConstructibleBridge/TextbookLevyConjunctionRule.lean:192:6: try 'simp' instead of 'simpa'

Note: This linter can be disabled with `set_option linter.unnecessarySimpa false`
warning: BMSConstructibleBridge/TextbookLevyConjunctionRule.lean:183:28: Used `tac1 <;> tac2` where `(tac1; tac2)` would suffice

Note: This linter can be disabled with `set_option linter.unnecessarySeqFocus false`
warning: BMSConstructibleBridge/TextbookLevyConjunctionRule.lean:183:38: Used `tac1 <;> tac2` where `(tac1; tac2)` would suffice

Note: This linter can be disabled with `set_option linter.unnecessarySeqFocus false`
warning: BMSConstructibleBridge/TextbookLevyConjunctionRule.lean:184:29: Used `tac1 <;> tac2` where `(tac1; tac2)` would suffice

Note: This linter can be disabled with `set_option linter.unnecessarySeqFocus false`
warning: BMSConstructibleBridge/TextbookLevyConjunctionRule.lean:184:39: Used `tac1 <;> tac2` where `(tac1; tac2)` would suffice

Note: This linter can be disabled with `set_option linter.unnecessarySeqFocus false`
⚠ [1479/1498] Replayed BMSConstructibleBridge.TextbookLevyTraceValidityFormula
warning: BMSConstructibleBridge/TextbookLevyTraceValidityFormula.lean:126:38: Used `tac1 <;> tac2` where `(tac1; tac2)` would suffice

Note: This linter can be disabled with `set_option linter.unnecessarySeqFocus false`
warning: BMSConstructibleBridge/TextbookLevyTraceValidityFormula.lean:126:48: Used `tac1 <;> tac2` where `(tac1; tac2)` would suffice

Note: This linter can be disabled with `set_option linter.unnecessarySeqFocus false`
warning: BMSConstructibleBridge/TextbookLevyTraceValidityFormula.lean:132:26: Used `tac1 <;> tac2` where `(tac1; tac2)` would suffice

Note: This linter can be disabled with `set_option linter.unnecessarySeqFocus false`
warning: BMSConstructibleBridge/TextbookLevyTraceValidityFormula.lean:132:36: Used `tac1 <;> tac2` where `(tac1; tac2)` would suffice

Note: This linter can be disabled with `set_option linter.unnecessarySeqFocus false`
warning: BMSConstructibleBridge/TextbookLevyTraceValidityFormula.lean:151:51: Used `tac1 <;> tac2` where `(tac1; tac2)` would suffice

Note: This linter can be disabled with `set_option linter.unnecessarySeqFocus false`
warning: BMSConstructibleBridge/TextbookLevyTraceValidityFormula.lean:152:16: Used `tac1 <;> tac2` where `(tac1; tac2)` would suffice

Note: This linter can be disabled with `set_option linter.unnecessarySeqFocus false`
warning: BMSConstructibleBridge/TextbookLevyTraceValidityFormula.lean:155:18: Used `tac1 <;> tac2` where `(tac1; tac2)` would suffice

Note: This linter can be disabled with `set_option linter.unnecessarySeqFocus false`
warning: BMSConstructibleBridge/TextbookLevyTraceValidityFormula.lean:155:28: Used `tac1 <;> tac2` where `(tac1; tac2)` would suffice

Note: This linter can be disabled with `set_option linter.unnecessarySeqFocus false`
warning: BMSConstructibleBridge/TextbookLevyTraceValidityFormula.lean:189:36: Used `tac1 <;> tac2` where `(tac1; tac2)` would suffice

Note: This linter can be disabled with `set_option linter.unnecessarySeqFocus false`
warning: BMSConstructibleBridge/TextbookLevyTraceValidityFormula.lean:189:46: Used `tac1 <;> tac2` where `(tac1; tac2)` would suffice

Note: This linter can be disabled with `set_option linter.unnecessarySeqFocus false`
warning: BMSConstructibleBridge/TextbookLevyTraceValidityFormula.lean:195:27: Used `tac1 <;> tac2` where `(tac1; tac2)` would suffice

Note: This linter can be disabled with `set_option linter.unnecessarySeqFocus false`
warning: BMSConstructibleBridge/TextbookLevyTraceValidityFormula.lean:195:37: Used `tac1 <;> tac2` where `(tac1; tac2)` would suffice

Note: This linter can be disabled with `set_option linter.unnecessarySeqFocus false`
warning: BMSConstructibleBridge/TextbookLevyTraceValidityFormula.lean:336:21: try 'simp' instead of 'simpa'

Note: This linter can be disabled with `set_option linter.unnecessarySimpa false`
warning: BMSConstructibleBridge/TextbookLevyTraceValidityFormula.lean:347:30: Used `tac1 <;> tac2` where `(tac1; tac2)` would suffice

Note: This linter can be disabled with `set_option linter.unnecessarySeqFocus false`
warning: BMSConstructibleBridge/TextbookLevyTraceValidityFormula.lean:360:25: Used `tac1 <;> tac2` where `(tac1; tac2)` would suffice

Note: This linter can be disabled with `set_option linter.unnecessarySeqFocus false`
warning: BMSConstructibleBridge/TextbookLevyTraceValidityFormula.lean:360:35: Used `tac1 <;> tac2` where `(tac1; tac2)` would suffice

Note: This linter can be disabled with `set_option linter.unnecessarySeqFocus false`
⚠ [1480/1498] Replayed BMSConstructibleBridge.TextbookLevyClassifierFormula
warning: BMSConstructibleBridge/TextbookLevyClassifierFormula.lean:109:14: try 'simp' instead of 'simpa'

Note: This linter can be disabled with `set_option linter.unnecessarySimpa false`
warning: BMSConstructibleBridge/TextbookLevyClassifierFormula.lean:68:33: Used `tac1 <;> tac2` where `(tac1; tac2)` would suffice

Note: This linter can be disabled with `set_option linter.unnecessarySeqFocus false`
warning: BMSConstructibleBridge/TextbookLevyClassifierFormula.lean:68:43: Used `tac1 <;> tac2` where `(tac1; tac2)` would suffice

Note: This linter can be disabled with `set_option linter.unnecessarySeqFocus false`
warning: BMSConstructibleBridge/TextbookLevyClassifierFormula.lean:89:38: Used `tac1 <;> tac2` where `(tac1; tac2)` would suffice

Note: This linter can be disabled with `set_option linter.unnecessarySeqFocus false`
warning: BMSConstructibleBridge/TextbookLevyClassifierFormula.lean:89:48: Used `tac1 <;> tac2` where `(tac1; tac2)` would suffice

Note: This linter can be disabled with `set_option linter.unnecessarySeqFocus false`
warning: BMSConstructibleBridge/TextbookLevyClassifierFormula.lean:110:80: Used `tac1 <;> tac2` where `(tac1; tac2)` would suffice

Note: This linter can be disabled with `set_option linter.unnecessarySeqFocus false`
warning: BMSConstructibleBridge/TextbookLevyClassifierFormula.lean:111:16: Used `tac1 <;> tac2` where `(tac1; tac2)` would suffice

Note: This linter can be disabled with `set_option linter.unnecessarySeqFocus false`
warning: BMSConstructibleBridge/TextbookLevyClassifierFormula.lean:117:51: Used `tac1 <;> tac2` where `(tac1; tac2)` would suffice

Note: This linter can be disabled with `set_option linter.unnecessarySeqFocus false`
warning: BMSConstructibleBridge/TextbookLevyClassifierFormula.lean:118:16: Used `tac1 <;> tac2` where `(tac1; tac2)` would suffice

Note: This linter can be disabled with `set_option linter.unnecessarySeqFocus false`
warning: BMSConstructibleBridge/TextbookLevyClassifierFormula.lean:136:29: Used `tac1 <;> tac2` where `(tac1; tac2)` would suffice

Note: This linter can be disabled with `set_option linter.unnecessarySeqFocus false`
warning: BMSConstructibleBridge/TextbookLevyClassifierFormula.lean:136:39: Used `tac1 <;> tac2` where `(tac1; tac2)` would suffice

Note: This linter can be disabled with `set_option linter.unnecessarySeqFocus false`
warning: BMSConstructibleBridge/TextbookLevyClassifierFormula.lean:143:18: Used `tac1 <;> tac2` where `(tac1; tac2)` would suffice

Note: This linter can be disabled with `set_option linter.unnecessarySeqFocus false`
warning: BMSConstructibleBridge/TextbookLevyClassifierFormula.lean:143:28: Used `tac1 <;> tac2` where `(tac1; tac2)` would suffice

Note: This linter can be disabled with `set_option linter.unnecessarySeqFocus false`
warning: BMSConstructibleBridge/TextbookLevyClassifierFormula.lean:195:25: Used `tac1 <;> tac2` where `(tac1; tac2)` would suffice

Note: This linter can be disabled with `set_option linter.unnecessarySeqFocus false`
warning: BMSConstructibleBridge/TextbookLevyClassifierFormula.lean:195:35: Used `tac1 <;> tac2` where `(tac1; tac2)` would suffice

Note: This linter can be disabled with `set_option linter.unnecessarySeqFocus false`
warning: BMSConstructibleBridge/TextbookLevyClassifierFormula.lean:219:28: Used `tac1 <;> tac2` where `(tac1; tac2)` would suffice

Note: This linter can be disabled with `set_option linter.unnecessarySeqFocus false`
warning: BMSConstructibleBridge/TextbookLevyClassifierFormula.lean:219:38: Used `tac1 <;> tac2` where `(tac1; tac2)` would suffice

Note: This linter can be disabled with `set_option linter.unnecessarySeqFocus false`
warning: BMSConstructibleBridge/TextbookLevyClassifierFormula.lean:227:32: Used `tac1 <;> tac2` where `(tac1; tac2)` would suffice

Note: This linter can be disabled with `set_option linter.unnecessarySeqFocus false`
warning: BMSConstructibleBridge/TextbookLevyClassifierFormula.lean:227:42: Used `tac1 <;> tac2` where `(tac1; tac2)` would suffice

Note: This linter can be disabled with `set_option linter.unnecessarySeqFocus false`
⚠ [1483/1498] Replayed BMSConstructibleBridge.TextbookLevyNegationRuleAbsolute
warning: BMSConstructibleBridge/TextbookLevyNegationRuleAbsolute.lean:82:30: Used `tac1 <;> tac2` where `(tac1; tac2)` would suffice

Note: This linter can be disabled with `set_option linter.unnecessarySeqFocus false`
warning: BMSConstructibleBridge/TextbookLevyNegationRuleAbsolute.lean:82:47: Used `tac1 <;> tac2` where `(tac1; tac2)` would suffice

Note: This linter can be disabled with `set_option linter.unnecessarySeqFocus false`
warning: BMSConstructibleBridge/TextbookLevyNegationRuleAbsolute.lean:191:31: Used `tac1 <;> tac2` where `(tac1; tac2)` would suffice

Note: This linter can be disabled with `set_option linter.unnecessarySeqFocus false`
warning: BMSConstructibleBridge/TextbookLevyNegationRuleAbsolute.lean:191:48: Used `tac1 <;> tac2` where `(tac1; tac2)` would suffice

Note: This linter can be disabled with `set_option linter.unnecessarySeqFocus false`
⚠ [1484/1498] Replayed BMSConstructibleBridge.TextbookLevyConjunctionRuleAbsolute
warning: BMSConstructibleBridge/TextbookLevyConjunctionRuleAbsolute.lean:225:28: Used `tac1 <;> tac2` where `(tac1; tac2)` would suffice

Note: This linter can be disabled with `set_option linter.unnecessarySeqFocus false`
warning: BMSConstructibleBridge/TextbookLevyConjunctionRuleAbsolute.lean:225:45: Used `tac1 <;> tac2` where `(tac1; tac2)` would suffice

Note: This linter can be disabled with `set_option linter.unnecessarySeqFocus false`
warning: BMSConstructibleBridge/TextbookLevyConjunctionRuleAbsolute.lean:226:29: Used `tac1 <;> tac2` where `(tac1; tac2)` would suffice

Note: This linter can be disabled with `set_option linter.unnecessarySeqFocus false`
warning: BMSConstructibleBridge/TextbookLevyConjunctionRuleAbsolute.lean:226:46: Used `tac1 <;> tac2` where `(tac1; tac2)` would suffice

Note: This linter can be disabled with `set_option linter.unnecessarySeqFocus false`
⚠ [1485/1498] Replayed BMSConstructibleBridge.TextbookLevyExistentialRuleAbsolute
warning: BMSConstructibleBridge/TextbookLevyExistentialRuleAbsolute.lean:206:6: try 'simp' instead of 'simpa'

Note: This linter can be disabled with `set_option linter.unnecessarySimpa false`
warning: BMSConstructibleBridge/TextbookLevyExistentialRuleAbsolute.lean:209:6: try 'simp' instead of 'simpa'

Note: This linter can be disabled with `set_option linter.unnecessarySimpa false`
warning: BMSConstructibleBridge/TextbookLevyExistentialRuleAbsolute.lean:73:30: Used `tac1 <;> tac2` where `(tac1; tac2)` would suffice

Note: This linter can be disabled with `set_option linter.unnecessarySeqFocus false`
warning: BMSConstructibleBridge/TextbookLevyExistentialRuleAbsolute.lean:73:47: Used `tac1 <;> tac2` where `(tac1; tac2)` would suffice

Note: This linter can be disabled with `set_option linter.unnecessarySeqFocus false`
warning: BMSConstructibleBridge/TextbookLevyExistentialRuleAbsolute.lean:203:31: Used `tac1 <;> tac2` where `(tac1; tac2)` would suffice

Note: This linter can be disabled with `set_option linter.unnecessarySeqFocus false`
warning: BMSConstructibleBridge/TextbookLevyExistentialRuleAbsolute.lean:203:48: Used `tac1 <;> tac2` where `(tac1; tac2)` would suffice

Note: This linter can be disabled with `set_option linter.unnecessarySeqFocus false`
⚠ [1486/1498] Replayed BMSConstructibleBridge.TextbookLevyRaiseRuleAbsolute
warning: BMSConstructibleBridge/TextbookLevyRaiseRuleAbsolute.lean:125:33: Used `tac1 <;> tac2` where `(tac1; tac2)` would suffice

Note: This linter can be disabled with `set_option linter.unnecessarySeqFocus false`
warning: BMSConstructibleBridge/TextbookLevyRaiseRuleAbsolute.lean:125:50: Used `tac1 <;> tac2` where `(tac1; tac2)` would suffice

Note: This linter can be disabled with `set_option linter.unnecessarySeqFocus false`
⚠ [1488/1498] Replayed BMSConstructibleBridge.TextbookLevyTraceValidityAbsolute
warning: BMSConstructibleBridge/TextbookLevyTraceValidityAbsolute.lean:65:4: This simp argument is unused:
  satisfiesIn_imp_trace_iff

Hint: Omit it from the simp argument list.
  [apply] simp only [Model.SatisfiesIn, satisfiesIn_all_trace_iff, Model.snoc_eq_finSnoc]

Note: This linter can be disabled with `set_option linter.unusedSimpArgs false`
warning: BMSConstructibleBridge/TextbookLevyTraceValidityAbsolute.lean:259:17: This simp argument is unused:
  textbookLevyTraceRowMatrix_l

Hint: Omit it from the simp argument list.
  [apply] simp only [Model.SatisfiesIn, Model.satisfiesIn_rename]

Note: This linter can be disabled with `set_option linter.unusedSimpArgs false`
warning: BMSConstructibleBridge/TextbookLevyTraceValidityAbsolute.lean:259:47: This simp argument is unused:
  Model.SatisfiesIn

Hint: Omit it from the simp argument list.
  [apply] simp only [textbookLevyTraceRowMatrix_l, Model.satisfiesIn_rename]

Note: This linter can be disabled with `set_option linter.unusedSimpArgs false`
warning: BMSConstructibleBridge/TextbookLevyTraceValidityAbsolute.lean:199:36: Used `tac1 <;> tac2` where `(tac1; tac2)` would suffice

Note: This linter can be disabled with `set_option linter.unnecessarySeqFocus false`
warning: BMSConstructibleBridge/TextbookLevyTraceValidityAbsolute.lean:199:53: Used `tac1 <;> tac2` where `(tac1; tac2)` would suffice

Note: This linter can be disabled with `set_option linter.unnecessarySeqFocus false`
warning: BMSConstructibleBridge/TextbookLevyTraceValidityAbsolute.lean:218:26: Used `tac1 <;> tac2` where `(tac1; tac2)` would suffice

Note: This linter can be disabled with `set_option linter.unnecessarySeqFocus false`
warning: BMSConstructibleBridge/TextbookLevyTraceValidityAbsolute.lean:218:43: Used `tac1 <;> tac2` where `(tac1; tac2)` would suffice

Note: This linter can be disabled with `set_option linter.unnecessarySeqFocus false`
warning: BMSConstructibleBridge/TextbookLevyTraceValidityAbsolute.lean:269:53: Used `tac1 <;> tac2` where `(tac1; tac2)` would suffice

Note: This linter can be disabled with `set_option linter.unnecessarySeqFocus false`
warning: BMSConstructibleBridge/TextbookLevyTraceValidityAbsolute.lean:270:25: Used `tac1 <;> tac2` where `(tac1; tac2)` would suffice

Note: This linter can be disabled with `set_option linter.unnecessarySeqFocus false`
warning: BMSConstructibleBridge/TextbookLevyTraceValidityAbsolute.lean:282:47: Used `tac1 <;> tac2` where `(tac1; tac2)` would suffice

Note: This linter can be disabled with `set_option linter.unnecessarySeqFocus false`
warning: BMSConstructibleBridge/TextbookLevyTraceValidityAbsolute.lean:283:23: Used `tac1 <;> tac2` where `(tac1; tac2)` would suffice

Note: This linter can be disabled with `set_option linter.unnecessarySeqFocus false`
warning: BMSConstructibleBridge/TextbookLevyTraceValidityAbsolute.lean:512:34: Used `tac1 <;> tac2` where `(tac1; tac2)` would suffice

Note: This linter can be disabled with `set_option linter.unnecessarySeqFocus false`
warning: BMSConstructibleBridge/TextbookLevyTraceValidityAbsolute.lean:512:51: Used `tac1 <;> tac2` where `(tac1; tac2)` would suffice

Note: This linter can be disabled with `set_option linter.unnecessarySeqFocus false`
warning: BMSConstructibleBridge/TextbookLevyTraceValidityAbsolute.lean:530:27: Used `tac1 <;> tac2` where `(tac1; tac2)` would suffice

Note: This linter can be disabled with `set_option linter.unnecessarySeqFocus false`
warning: BMSConstructibleBridge/TextbookLevyTraceValidityAbsolute.lean:530:44: Used `tac1 <;> tac2` where `(tac1; tac2)` would suffice

Note: This linter can be disabled with `set_option linter.unnecessarySeqFocus false`
warning: BMSConstructibleBridge/TextbookLevyTraceValidityAbsolute.lean:661:21: try 'simp' instead of 'simpa'

Note: This linter can be disabled with `set_option linter.unnecessarySimpa false`
warning: BMSConstructibleBridge/TextbookLevyTraceValidityAbsolute.lean:672:30: Used `tac1 <;> tac2` where `(tac1; tac2)` would suffice

Note: This linter can be disabled with `set_option linter.unnecessarySeqFocus false`
warning: BMSConstructibleBridge/TextbookLevyTraceValidityAbsolute.lean:686:25: Used `tac1 <;> tac2` where `(tac1; tac2)` would suffice

Note: This linter can be disabled with `set_option linter.unnecessarySeqFocus false`
warning: BMSConstructibleBridge/TextbookLevyTraceValidityAbsolute.lean:686:42: Used `tac1 <;> tac2` where `(tac1; tac2)` would suffice

Note: This linter can be disabled with `set_option linter.unnecessarySeqFocus false`
⚠ [1489/1498] Replayed BMSConstructibleBridge.TextbookLevyClassifierAbsolute
warning: BMSConstructibleBridge/TextbookLevyClassifierAbsolute.lean:133:16: try 'simp' instead of 'simpa'

Note: This linter can be disabled with `set_option linter.unnecessarySimpa false`
warning: BMSConstructibleBridge/TextbookLevyClassifierAbsolute.lean:59:31: Used `tac1 <;> tac2` where `(tac1; tac2)` would suffice

Note: This linter can be disabled with `set_option linter.unnecessarySeqFocus false`
warning: BMSConstructibleBridge/TextbookLevyClassifierAbsolute.lean:59:48: Used `tac1 <;> tac2` where `(tac1; tac2)` would suffice

Note: This linter can be disabled with `set_option linter.unnecessarySeqFocus false`
warning: BMSConstructibleBridge/TextbookLevyClassifierAbsolute.lean:93:36: Used `tac1 <;> tac2` where `(tac1; tac2)` would suffice

Note: This linter can be disabled with `set_option linter.unnecessarySeqFocus false`
warning: BMSConstructibleBridge/TextbookLevyClassifierAbsolute.lean:93:53: Used `tac1 <;> tac2` where `(tac1; tac2)` would suffice

Note: This linter can be disabled with `set_option linter.unnecessarySeqFocus false`
warning: BMSConstructibleBridge/TextbookLevyClassifierAbsolute.lean:135:20: Used `tac1 <;> tac2` where `(tac1; tac2)` would suffice

Note: This linter can be disabled with `set_option linter.unnecessarySeqFocus false`
warning: BMSConstructibleBridge/TextbookLevyClassifierAbsolute.lean:135:37: Used `tac1 <;> tac2` where `(tac1; tac2)` would suffice

Note: This linter can be disabled with `set_option linter.unnecessarySeqFocus false`
warning: BMSConstructibleBridge/TextbookLevyClassifierAbsolute.lean:151:53: Used `tac1 <;> tac2` where `(tac1; tac2)` would suffice

Note: This linter can be disabled with `set_option linter.unnecessarySeqFocus false`
warning: BMSConstructibleBridge/TextbookLevyClassifierAbsolute.lean:152:25: Used `tac1 <;> tac2` where `(tac1; tac2)` would suffice

Note: This linter can be disabled with `set_option linter.unnecessarySeqFocus false`
warning: BMSConstructibleBridge/TextbookLevyClassifierAbsolute.lean:182:29: Used `tac1 <;> tac2` where `(tac1; tac2)` would suffice

Note: This linter can be disabled with `set_option linter.unnecessarySeqFocus false`
warning: BMSConstructibleBridge/TextbookLevyClassifierAbsolute.lean:182:46: Used `tac1 <;> tac2` where `(tac1; tac2)` would suffice

Note: This linter can be disabled with `set_option linter.unnecessarySeqFocus false`
warning: BMSConstructibleBridge/TextbookLevyClassifierAbsolute.lean:189:42: Used `tac1 <;> tac2` where `(tac1; tac2)` would suffice

Note: This linter can be disabled with `set_option linter.unnecessarySeqFocus false`
warning: BMSConstructibleBridge/TextbookLevyClassifierAbsolute.lean:190:23: Used `tac1 <;> tac2` where `(tac1; tac2)` would suffice

Note: This linter can be disabled with `set_option linter.unnecessarySeqFocus false`
warning: BMSConstructibleBridge/TextbookLevyClassifierAbsolute.lean:214:28: Used `tac1 <;> tac2` where `(tac1; tac2)` would suffice

Note: This linter can be disabled with `set_option linter.unnecessarySeqFocus false`
warning: BMSConstructibleBridge/TextbookLevyClassifierAbsolute.lean:214:45: Used `tac1 <;> tac2` where `(tac1; tac2)` would suffice

Note: This linter can be disabled with `set_option linter.unnecessarySeqFocus false`
warning: BMSConstructibleBridge/TextbookLevyClassifierAbsolute.lean:222:32: Used `tac1 <;> tac2` where `(tac1; tac2)` would suffice

Note: This linter can be disabled with `set_option linter.unnecessarySeqFocus false`
warning: BMSConstructibleBridge/TextbookLevyClassifierAbsolute.lean:222:49: Used `tac1 <;> tac2` where `(tac1; tac2)` would suffice

Note: This linter can be disabled with `set_option linter.unnecessarySeqFocus false`
warning: BMSConstructibleBridge/TextbookLevyClassifierAbsolute.lean:245:47: Used `tac1 <;> tac2` where `(tac1; tac2)` would suffice

Note: This linter can be disabled with `set_option linter.unnecessarySeqFocus false`
warning: BMSConstructibleBridge/TextbookLevyClassifierAbsolute.lean:246:21: Used `tac1 <;> tac2` where `(tac1; tac2)` would suffice

Note: This linter can be disabled with `set_option linter.unnecessarySeqFocus false`
⚠ [1524/1539] Replayed BMSConstructibleBridge.TextbookEAgreementFormula
warning: BMSConstructibleBridge/TextbookEAgreementFormula.lean:381:6: Try `simp at hMember` instead of `simpa using hMember`

Note: This linter can be disabled with `set_option linter.unnecessarySimpa false`
⚠ [1527/1539] Replayed BMSConstructibleBridge.TextbookEStageLevelAgreementFormula
warning: BMSConstructibleBridge/TextbookEStageLevelAgreementFormula.lean:67:5: Variable name `hA` is not explicitly referenced.

Hint: The binding can be removed (if unused) or named `_` (if used implicitly). Alternatively, prefix the name with `_` to silence this warning:
  [apply] _hA

Note: This linter can be disabled with `set_option linter.unusedVariables false`
warning: BMSConstructibleBridge/TextbookEStageLevelAgreementFormula.lean:67:29: Variable name `hB` is not explicitly referenced.

Hint: The binding can be removed (if unused) or named `_` (if used implicitly). Alternatively, prefix the name with `_` to silence this warning:
  [apply] _hB

Note: This linter can be disabled with `set_option linter.unusedVariables false`
warning: BMSConstructibleBridge/TextbookEStageLevelAgreementFormula.lean:228:8: Try `simp at hMember` instead of `simpa using hMember`

Note: This linter can be disabled with `set_option linter.unnecessarySimpa false`
warning: BMSConstructibleBridge/TextbookEStageLevelAgreementFormula.lean:141:4: Try this: intro hAll positiveArity code hCode tuple hTuple
warning: BMSConstructibleBridge/TextbookEStageLevelAgreementFormula.lean:199:4: Try this: intro hAgreement arityValue hArityStage
⚠ [1528/1539] Replayed BMSConstructibleBridge.TextbookEAmbientAgreementFormula
warning: BMSConstructibleBridge/TextbookEAmbientAgreementFormula.lean:313:5: Variable name `hA` is not explicitly referenced.

Hint: The binding can be removed (if unused) or named `_` (if used implicitly). Alternatively, prefix the name with `_` to silence this warning:
  [apply] _hA

Note: This linter can be disabled with `set_option linter.unusedVariables false`
warning: BMSConstructibleBridge/TextbookEAmbientAgreementFormula.lean:446:8: Try `simp at hMember` instead of `simpa using hMember`

Note: This linter can be disabled with `set_option linter.unnecessarySimpa false`
⚠ [1530/1539] Replayed BMSConstructibleBridge.StageSuccLimitFormula
warning: BMSConstructibleBridge/StageSuccLimitFormula.lean:56:17: This simp argument is unused:
  snoc_castSucc

Hint: Omit it from the simp argument list.
  [apply] simp only [finiteReflectionIsOrdinalDelta_l, Delta0Formula.Satisfies, Delta0Formula.satisfies_boundedAll,
    snoc_last]

Note: This linter can be disabled with `set_option linter.unusedSimpArgs false`
warning: BMSConstructibleBridge/StageSuccLimitFormula.lean:88:6: Try `simp at hMember` instead of `simpa using hMember`

Note: This linter can be disabled with `set_option linter.unnecessarySimpa false`
⚠ [1556/1568] Replayed BMSConstructibleBridge.StabilitySemantics
warning: BMSConstructibleBridge/StabilitySemantics.lean:52:27: Variable name `hTop` is not explicitly referenced.

Hint: The binding can be removed (if unused) or named `_` (if used implicitly). Alternatively, prefix the name with `_` to silence this warning:
  [apply] _hTop

Note: This linter can be disabled with `set_option linter.unusedVariables false`
warning: BMSConstructibleBridge/StabilitySemantics.lean:53:7: Variable name `hOmega` is not explicitly referenced.

Hint: The binding can be removed (if unused) or named `_` (if used implicitly). Alternatively, prefix the name with `_` to silence this warning:
  [apply] _hOmega

Note: This linter can be disabled with `set_option linter.unusedVariables false`
warning: BMSConstructibleBridge/StabilitySemantics.lean:55:7: Variable name `hLeft` is not explicitly referenced.

Hint: The binding can be removed (if unused) or named `_` (if used implicitly). Alternatively, prefix the name with `_` to silence this warning:
  [apply] _hLeft

Note: This linter can be disabled with `set_option linter.unusedVariables false`
warning: BMSConstructibleBridge/StabilitySemantics.lean:55:34: Variable name `hRight` is not explicitly referenced.

Hint: The binding can be removed (if unused) or named `_` (if used implicitly). Alternatively, prefix the name with `_` to silence this warning:
  [apply] _hRight

Note: This linter can be disabled with `set_option linter.unusedVariables false`
warning: BMSConstructibleBridge/StabilitySemantics.lean:61:27: Variable name `hTop` is not explicitly referenced.

Hint: The binding can be removed (if unused) or named `_` (if used implicitly). Alternatively, prefix the name with `_` to silence this warning:
  [apply] _hTop

Note: This linter can be disabled with `set_option linter.unusedVariables false`
warning: BMSConstructibleBridge/StabilitySemantics.lean:62:7: Variable name `hOmega` is not explicitly referenced.

Hint: The binding can be removed (if unused) or named `_` (if used implicitly). Alternatively, prefix the name with `_` to silence this warning:
  [apply] _hOmega

Note: This linter can be disabled with `set_option linter.unusedVariables false`
warning: BMSConstructibleBridge/StabilitySemantics.lean:64:7: Variable name `hValue` is not explicitly referenced.

Hint: The binding can be removed (if unused) or named `_` (if used implicitly). Alternatively, prefix the name with `_` to silence this warning:
  [apply] _hValue

Note: This linter can be disabled with `set_option linter.unusedVariables false`
⚠ [1559/1568] Replayed BMSConstructibleBridge.ECodeElementarity
warning: BMSConstructibleBridge/ECodeElementarity.lean:35:10: Variable name `sourceNonempty` is not explicitly referenced.

Hint: The binding can be removed (if unused) or named `_` (if used implicitly). Alternatively, prefix the name with `_` to silence this warning:
  [apply] _sourceNonempty

Note: This linter can be disabled with `set_option linter.unusedVariables false`
warning: BMSConstructibleBridge/ECodeElementarity.lean:36:7: Variable name `targetNonempty` is not explicitly referenced.

Hint: The binding can be removed (if unused) or named `_` (if used implicitly). Alternatively, prefix the name with `_` to silence this warning:
  [apply] _targetNonempty

Note: This linter can be disabled with `set_option linter.unusedVariables false`
⚠ [1563/1576] Replayed BMSConstructibleBridge.TextbookEStageElementarity
warning: BMSConstructibleBridge/TextbookEStageElementarity.lean:126:5: Variable name `hα` is not explicitly referenced.

Hint: The binding can be removed (if unused) or named `_` (if used implicitly). Alternatively, prefix the name with `_` to silence this warning:
  [apply] _hα

Note: This linter can be disabled with `set_option linter.unusedVariables false`
⚠ [1565/1576] Replayed BMSConstructibleBridge.TextbookEAmbientElementarity
warning: BMSConstructibleBridge/TextbookEAmbientElementarity.lean:72:27: Variable name `hTop` is not explicitly referenced.

Hint: The binding can be removed (if unused) or named `_` (if used implicitly). Alternatively, prefix the name with `_` to silence this warning:
  [apply] _hTop

Note: This linter can be disabled with `set_option linter.unusedVariables false`
warning: BMSConstructibleBridge/TextbookEAmbientElementarity.lean:101:27: Variable name `hTop` is not explicitly referenced.

Hint: The binding can be removed (if unused) or named `_` (if used implicitly). Alternatively, prefix the name with `_` to silence this warning:
  [apply] _hTop

Note: This linter can be disabled with `set_option linter.unusedVariables false`
warning: BMSConstructibleBridge/TextbookEAmbientElementarity.lean:102:5: Variable name `hOmegaTop` is not explicitly referenced.

Hint: The binding can be removed (if unused) or named `_` (if used implicitly). Alternatively, prefix the name with `_` to silence this warning:
  [apply] _hOmegaTop

Note: This linter can be disabled with `set_option linter.unusedVariables false`
⚠ [1566/1576] Replayed BMSConstructibleBridge.StageStableToUniverseFormula
warning: BMSConstructibleBridge/StageStableToUniverseFormula.lean:110:25: Used `tac1 <;> tac2` where `(tac1; tac2)` would suffice

Note: This linter can be disabled with `set_option linter.unnecessarySeqFocus false`
warning: BMSConstructibleBridge/StageStableToUniverseFormula.lean:189:27: Used `tac1 <;> tac2` where `(tac1; tac2)` would suffice

Note: This linter can be disabled with `set_option linter.unnecessarySeqFocus false`
ℹ [1639/1668] Replayed OneYTruth.AuxiliarySetTranslation
info: OneYTruth/AuxiliarySetTranslation.lean:176:0: 'OneYTruth.AuxiliaryCode.realize_translate_set' depends on axioms: [propext, Classical.choice, Quot.sound]
info: OneYTruth/AuxiliarySetTranslation.lean:177:0: 'OneYTruth.AuxiliaryCode.realize_translate_stage' depends on axioms: [propext, Classical.choice, Quot.sound]
ℹ [1653/1676] Replayed OneYTruth.AuxiliaryFormulaCompilation
info: OneYTruth/AuxiliaryFormulaCompilation.lean:101:0: 'OneYTruth.AuxiliaryCode.realize_compile_set' depends on axioms: [propext, Classical.choice, Quot.sound]
info: OneYTruth/AuxiliaryFormulaCompilation.lean:102:0: 'OneYTruth.AuxiliaryCode.realize_compile_set_snoc' depends on axioms: [propext, Classical.choice, Quot.sound]
ℹ [1689/1771] Replayed OneYTruth.NaturalTagCertificate
info: OneYTruth/NaturalTagCertificate.lean:66:0: 'OneYTruth.NaturalTagCertificate.satisfies_sixTags' depends on axioms: [propext, Classical.choice, Quot.sound]
ℹ [1693/1771] Replayed OneY.RootIndexed.Representation
info: OneY/RootIndexed/Representation.lean:527:0: 'OneY.RootIndexed.representation_splice' depends on axioms: [propext, Quot.sound]
info: OneY/RootIndexed/Representation.lean:528:0: 'OneY.RootIndexed.virtual_demands_from_templates' depends on axioms: [propext, Quot.sound]
info: OneY/RootIndexed/Representation.lean:529:0: 'OneY.RootIndexed.exists_bounded_representation_splice' depends on axioms: [propext, Quot.sound]
info: OneY/RootIndexed/Representation.lean:530:0: 'OneY.RootIndexed.blockScheme_bounded_representations' depends on axioms: [propext, Quot.sound]
info: OneY/RootIndexed/Representation.lean:531:0: 'OneY.RootIndexed.wellFounded_of_lowerable_labels' does not depend on any axioms
⚠ [1694/1771] Replayed OneYTruth.ComplexityRelabel
warning: OneYTruth/ComplexityRelabel.lean:22:92: Used `tac1 <;> tac2` where `(tac1; tac2)` would suffice

Note: This linter can be disabled with `set_option linter.unnecessarySeqFocus false`
ℹ [1718/1771] Replayed OneYTruth.SigmaComparison
info: OneYTruth/SigmaComparison.lean:116:0: 'OneYTruth.SigmaComparison.mem_sigmaNodes_iff' depends on axioms: [propext, Classical.choice, Quot.sound]
info: OneYTruth/SigmaComparison.lean:117:0: 'OneYTruth.SigmaComparison.mixedComparisonFormula_isDeltaZero' depends on axioms: [propext]
info: OneYTruth/SigmaComparison.lean:118:0: 'OneYTruth.SigmaComparison.realize_comparison_iff_closed' depends on axioms: [propext, Classical.choice, Quot.sound]
ℹ [1719/1771] Replayed OneYTruth.StageCoding
info: OneYTruth/StageCoding.lean:150:0: 'OneYTruth.ExternalTower.stageSet_mem_L' depends on axioms: [propext, Classical.choice, Quot.sound]
info: OneYTruth/StageCoding.lean:151:0: 'OneYTruth.ExternalTower.satisfies_earlierFormula' depends on axioms: [propext, Classical.choice, Quot.sound]
info: OneYTruth/StageCoding.lean:152:0: 'OneYTruth.ExternalTower.codedEarlier_wellFounded' depends on axioms: [propext, Classical.choice, Quot.sound]
info: OneYTruth/StageCoding.lean:153:0: 'OneYTruth.ExternalTower.stagePredecessors_mem_L' depends on axioms: [propext, Classical.choice, Quot.sound]
ℹ [1720/1771] Replayed OneYTruth.StageRecursionDomain
info: OneYTruth/StageRecursionDomain.lean:157:0: 'OneYTruth.ExternalTower.stage_wellFoundedSetLike' depends on axioms: [propext, Classical.choice, Quot.sound]
info: OneYTruth/StageRecursionDomain.lean:158:0: 'OneYTruth.ExternalTower.localRecursionDomain_mem_L_stage' depends on axioms: [propext, Classical.choice, Quot.sound]
info: OneYTruth/StageRecursionDomain.lean:159:0: 'OneYTruth.ExternalTower.satisfies_stageRelationFormula' depends on axioms: [propext, Classical.choice, Quot.sound]
ℹ [1721/1771] Replayed OneYTruth.SigmaNodeConstruction
info: OneYTruth/SigmaNodeConstruction.lean:80:0: 'OneYTruth.SigmaComparison.sigmaNodes_eq_filtered_cross' depends on axioms: [propext, Classical.choice, Quot.sound]
info: OneYTruth/SigmaNodeConstruction.lean:81:0: 'OneYTruth.SigmaComparison.sigmaNodes_mem_L_of_sigmaCodes' depends on axioms: [propext, Classical.choice, Quot.sound]
ℹ [1722/1771] Replayed OneYTruth.DeltaSyntaxGrammar
info: OneYTruth/DeltaSyntaxGrammar.lean:130:0: 'OneYTruth.DeltaSyntaxGrammar.satisfies_ruleFormula' depends on axioms: [propext, Classical.choice, Quot.sound]
⚠ [1733/1788] Replayed OneYTruth.AtomicTruthCorrect
warning: OneYTruth/AtomicTruthCorrect.lean:84:17: This simp argument is unused:
  false_or

Hint: Omit it from the simp argument list.
  [apply] simp only [fields, follows_codedNode_tag, natCode_inj, Nat.reduceEqDiff, true_and, false_and, or_false]

Note: This linter can be disabled with `set_option linter.unusedSimpArgs false`
warning: OneYTruth/AtomicTruthCorrect.lean:148:29: This simp argument is unused:
  or_false

Hint: Omit it from the simp argument list.
  [apply] simp only [fields, follows_codedNode_tag, natCode_inj, Nat.reduceEqDiff, true_and, false_and, false_or]

Note: This linter can be disabled with `set_option linter.unusedSimpArgs false`
⚠ [1736/1788] Replayed OneYTruth.PureSatisfactionMatrix
warning: OneYTruth/PureSatisfactionMatrix.lean:94:37: This simp argument is unused:
  Function.comp_def

Hint: Omit it from the simp argument list.
  [apply] simp [atomicMap, constructible_snoc_eq, Fin.snoc, Fin.castLT, AtomicTruthFormula.parameters, M, hOmega, hZero,
    hA, hLookup, h1, h2, h3, h4, hat, empty_range, namedGraph_eq_empty, diagonalGraph_eq_empty]

Note: This linter can be disabled with `set_option linter.unusedSimpArgs false`
⚠ [1739/1788] Replayed OneYTruth.DirectSchemaFormula
warning: OneYTruth/DirectSchemaFormula.lean:71:26: This simp argument is unused:
  Satisfies

Hint: Omit it from the simp argument list.
  [apply] simp only [collectionFormula, satisfies_boundedAll, satisfies_imp, satisfies_scopeTwoAt,
    satisfies_collectionTotality, satisfies_collectionBound]

Note: This linter can be disabled with `set_option linter.unusedSimpArgs false`
ℹ [1740/1788] Replayed OneYTruth.DirectSchemaCorrect
info: OneYTruth/DirectSchemaCorrect.lean:121:0: 'OneYTruth.DirectSchema.mixedCheckFormula_isDeltaZero' depends on axioms: [propext]
info: OneYTruth/DirectSchemaCorrect.lean:122:0: 'OneYTruth.DirectSchema.realize_check_iff_schemas' depends on axioms: [propext, Classical.choice, Quot.sound]
ℹ [1741/1788] Replayed OneYTruth.StageRecursionL
info: OneYTruth/StageRecursionL.lean:388:0: 'OneYTruth.ExternalTower.StageStepPresentation.localSolution_graph_eq' depends on axioms: [propext,
 Classical.choice,
 Quot.sound]
info: OneYTruth/StageRecursionL.lean:389:0: 'OneYTruth.ExternalTower.StageStepPresentation.stageLocalGraph_mem_L' depends on axioms: [propext,
 Classical.choice,
 Quot.sound]
info: OneYTruth/StageRecursionL.lean:390:0: 'OneYTruth.ExternalTower.StageStepPresentation.stageGraph_mem_L' depends on axioms: [propext,
 Classical.choice,
 Quot.sound]
info: OneYTruth/StageRecursionL.lean:391:0: 'OneYTruth.ExternalTower.StageStepPresentation.recursionValue_exact' depends on axioms: [propext,
 Classical.choice,
 Quot.sound]
ℹ [1742/1788] Replayed OneYTruth.GraphInputTower
info: OneYTruth/GraphInputTower.lean:113:0: 'OneYTruth.ExternalTower.codedTruth_graphInputStep' depends on axioms: [propext, Classical.choice, Quot.sound]
info: OneYTruth/GraphInputTower.lean:114:0: 'OneYTruth.ExternalTower.graph_mem_L_of_stepPresentation' depends on axioms: [propext, Classical.choice, Quot.sound]
ℹ [1743/1788] Replayed OneYTruth.StageStepFormula
info: OneYTruth/StageStepFormula.lean:76:0: 'OneYTruth.ExternalTower.stageStepPresentationOfFormula' depends on axioms: [propext, Classical.choice, Quot.sound]
⚠ [1744/1788] Replayed OneYTruth.PredecessorGraphQuery
warning: OneYTruth/PredecessorGraphQuery.lean:42:20: This simp argument is unused:
  follows_pair

Hint: Omit it from the simp argument list.
  [apply] simp [Follows]

Note: This linter can be disabled with `set_option linter.unusedSimpArgs false`
ℹ [1745/1788] Replayed OneYTruth.DeltaSyntaxSoundness
info: OneYTruth/DeltaSyntaxSoundness.lean:82:0: 'OneYTruth.DeltaSyntaxGrammar.rawRule_sound' depends on axioms: [propext, Classical.choice, Quot.sound]
ℹ [1746/1788] Replayed OneYTruth.DeltaSyntaxStages
info: OneYTruth/DeltaSyntaxStages.lean:82:0: 'OneYTruth.DeltaSyntaxGrammar.stages_sound' depends on axioms: [propext, Classical.choice, Quot.sound]
info: OneYTruth/DeltaSyntaxStages.lean:83:0: 'OneYTruth.DeltaSyntaxGrammar.mem_allStages_iff' depends on axioms: [propext, Classical.choice, Quot.sound]
ℹ [1747/1788] Replayed OneYTruth.DeltaSyntaxCodes
info: OneYTruth/DeltaSyntaxCodes.lean:91:0: 'OneYTruth.DeltaSyntaxGrammar.deltaCodes_mem_L' depends on axioms: [propext, Classical.choice, Quot.sound]
ℹ [1748/1788] Replayed OneYTruth.SigmaSyntaxGrammar
info: OneYTruth/SigmaSyntaxGrammar.lean:75:0: 'OneYTruth.SigmaSyntaxGrammar.satisfies_ruleFormula' depends on axioms: [propext, Classical.choice, Quot.sound]
ℹ [1749/1788] Replayed OneYTruth.SigmaSyntaxCodes
info: OneYTruth/SigmaSyntaxCodes.lean:150:0: 'OneYTruth.SigmaSyntaxGrammar.sigmaCodes_mem_L' depends on axioms: [propext, Classical.choice, Quot.sound]
info: OneYTruth/SigmaSyntaxCodes.lean:151:0: 'OneYTruth.SigmaSyntaxGrammar.sigmaNodes_mem_L' depends on axioms: [propext, Classical.choice, Quot.sound]
ℹ [1750/1788] Replayed OneYTruth.SigmaNodeBounds
info: OneYTruth/SigmaNodeBounds.lean:89:0: 'OneYTruth.SigmaComparison.sigmaNodes_mem_ambient' depends on axioms: [propext, Classical.choice, Quot.sound]
info: OneYTruth/SigmaNodeBounds.lean:90:0: 'OneYTruth.SigmaComparison.ordinal_sigmaNodes_mem_ambient' depends on axioms: [propext, Classical.choice, Quot.sound]
ℹ [1751/1788] Replayed OneY.Forest
info: OneY/Forest.lean:193:0: 'OneY.ParentForest.root_le' depends on axioms: [propext, Quot.sound]
info: OneY/Forest.lean:194:0: 'OneY.ParentForest.parent_root' depends on axioms: [propext, Quot.sound]
info: OneY/Forest.lean:195:0: 'OneY.ParentForest.root_unique' depends on axioms: [propext, Quot.sound]
info: OneY/Forest.lean:196:0: 'OneY.ParentForest.Refines.root_root' depends on axioms: [propext, Quot.sound]
info: OneY/Forest.lean:197:0: 'OneY.ParentForest.depth_le' depends on axioms: [propext, Quot.sound]
ℹ [1752/1788] Replayed OneY.ForestBridge
info: OneY/ForestBridge.lean:47:0: 'OneY.ParentForest.ancestor_iff_zeroY' does not depend on any axioms
info: OneY/ForestBridge.lean:48:0: 'OneY.ParentForest.nearestSmaller_refines' depends on axioms: [propext, Quot.sound]
info: OneY/ForestBridge.lean:49:0: 'OneY.ParentForest.root_nearestSmaller_root' depends on axioms: [propext, Quot.sound]
ℹ [1753/1788] Replayed OneY.ForestFrame
info: OneY/ForestFrame.lean:154:0: 'OneY.ForestFrame.cutoff_step_nearestSmaller' depends on axioms: [propext, Classical.choice, Quot.sound]
info: OneY/ForestFrame.lean:155:0: 'OneY.ForestFrame.rowForest_step' depends on axioms: [propext, Classical.choice, Quot.sound]
ℹ [1754/1788] Replayed OneY.ForestFrameMatrix
info: OneY/ForestFrameMatrix.lean:129:0: 'OneY.ForestFrame.raw_parent' depends on axioms: [propext, Classical.choice, Quot.sound]
info: OneY/ForestFrameMatrix.lean:130:0: 'OneY.ForestFrame.matrix_depthRegular' depends on axioms: [propext, Classical.choice, Quot.sound]
info: OneY/ForestFrameMatrix.lean:131:0: 'OneY.ForestFrame.matrix_terminal_parent' depends on axioms: [propext, Classical.choice, Quot.sound]
ℹ [1755/1788] Replayed OneY.DepthMatrix
info: OneY/DepthMatrix.lean:140:0: 'OneY.DepthMatrix.matrix_depthRegular' depends on axioms: [propext, Classical.choice, Quot.sound]
info: OneY/DepthMatrix.lean:141:0: 'OneY.DepthMatrix.matrix_parent' depends on axioms: [propext, Classical.choice, Quot.sound]
ℹ [1756/1788] Replayed OneY.Numeric
info: OneY/Numeric.lean:234:0: 'OneY.Numeric.restrictedParent_some_iff' depends on axioms: [propext, Quot.sound]
info: OneY/Numeric.lean:235:0: 'OneY.Numeric.rows_zero_of_bound' depends on axioms: [propext, Quot.sound]
info: OneY/Numeric.lean:236:0: 'OneY.Numeric.live_iff_le_height' depends on axioms: [propext, Quot.sound]
info: OneY/Numeric.lean:237:0: 'OneY.Numeric.topValue_lt_of_parent' depends on axioms: [propext, Classical.choice, Quot.sound]
ℹ [1757/1788] Replayed OneY.SparseComparison
info: OneY/SparseComparison.lean:114:0: 'OneY.Numeric.restrictedParent_eq_filled_nearestSmaller' depends on axioms: [propext, Quot.sound]
info: OneY/SparseComparison.lean:115:0: 'OneY.Numeric.select_depth_eq_filled_depth' depends on axioms: [propext, Quot.sound]
info: OneY/SparseComparison.lean:116:0: 'OneY.Numeric.select_common_chain_depth_compare' depends on axioms: [propext, Classical.choice, Quot.sound]
info: OneY/SparseComparison.lean:117:0: 'OneY.Numeric.select_parent_eq_of_common_chain_depth_eq' depends on axioms: [propext, Classical.choice, Quot.sound]
ℹ [1758/1788] Replayed OneY.SparseBlocker
info: OneY/SparseBlocker.lean:179:0: 'OneY.Numeric.restrictedParent_eq_of_blocker' depends on axioms: [propext, Classical.choice, Quot.sound]
info: OneY/SparseBlocker.lean:180:0: 'OneY.Numeric.restrictedParent_exists_blocker' depends on axioms: [propext, Classical.choice, Quot.sound]
ℹ [1759/1788] Replayed OneY.Geometry
info: OneY/Geometry.lean:176:0: 'OneY.Geometry.vertex_iff_cone' depends on axioms: [propext, Quot.sound]
info: OneY/Geometry.lean:177:0: 'OneY.Geometry.contour_iff' depends on axioms: [propext, Quot.sound]
info: OneY/Geometry.lean:178:0: 'OneY.Geometry.reference_iff' depends on axioms: [propext, Quot.sound]
ℹ [1760/1788] Replayed OneY.RootGeometry
info: OneY/RootGeometry.lean:199:0: 'OneY.RootGeometry.RowMountain.root_height' depends on axioms: [propext, Quot.sound]
info: OneY/RootGeometry.lean:200:0: 'OneY.RootGeometry.RowMountain.nested_roots' depends on axioms: [propext, Quot.sound]
info: OneY/RootGeometry.lean:201:0: 'OneY.RootGeometry.RowMountain.vertex_iff' depends on axioms: [propext, Quot.sound]
info: OneY/RootGeometry.lean:202:0: 'OneY.RootGeometry.RowMountain.contour_iff' depends on axioms: [propext, Quot.sound]
info: OneY/RootGeometry.lean:203:0: 'OneY.RootGeometry.RowMountain.rootAt_strict_mono' depends on axioms: [propext, Quot.sound]
info: OneY/RootGeometry.lean:204:0: 'OneY.RootGeometry.RowMountain.topForest_depth' depends on axioms: [propext, Quot.sound]
ℹ [1761/1788] Replayed OneY.TopComparison
info: OneY/TopComparison.lean:298:0: 'OneY.Numeric.height_next_of_parent' depends on axioms: [propext, Quot.sound]
info: OneY/TopComparison.lean:299:0: 'OneY.Numeric.keyLT_of_next' depends on axioms: [propext, Quot.sound]
info: OneY/TopComparison.lean:300:0: 'OneY.Numeric.keyLT_of_common_chain_value_lt' depends on axioms: [propext, Classical.choice, Quot.sound]
info: OneY/TopComparison.lean:301:0: 'OneY.Numeric.keyEQ_of_common_chain_value_eq' depends on axioms: [propext, Classical.choice, Quot.sound]
info: OneY/TopComparison.lean:302:0: 'OneY.Numeric.keyLT_iff_of_common_chain' depends on axioms: [propext, Classical.choice, Quot.sound]
info: OneY/TopComparison.lean:303:0: 'OneY.Numeric.keyEQ_iff_of_common_chain' depends on axioms: [propext, Classical.choice, Quot.sound]
info: OneY/TopComparison.lean:304:0: 'OneY.Numeric.keyLE_iff_of_common_chain' depends on axioms: [propext, Classical.choice, Quot.sound]
info: OneY/TopComparison.lean:305:0: 'OneY.Numeric.height_eq_of_depthsEqual' depends on axioms: [propext, Classical.choice, Quot.sound]
ℹ [1762/1788] Replayed OneY.RelativeBlocker
info: OneY/RelativeBlocker.lean:585:0: 'OneY.RelativeBlocker.relative_blockerCondition_expand_of_context' depends on axioms: [propext,
 Classical.choice,
 Quot.sound]
info: OneY/RelativeBlocker.lean:586:0: 'OneY.RelativeBlocker.relative_structural_expand_of_context' depends on axioms: [propext, Classical.choice, Quot.sound]
info: OneY/RelativeBlocker.lean:587:0: 'OneY.RelativeBlocker.relative_decodeTower_reconstruct' depends on axioms: [propext, Classical.choice, Quot.sound]
info: OneY/RelativeBlocker.lean:588:0: 'OneY.RelativeBlocker.relative_structural_expand' depends on axioms: [propext, Classical.choice, Quot.sound]
info: OneY/RelativeBlocker.lean:589:0: 'OneY.RelativeBlocker.candidate_transport_and_decode' depends on axioms: [propext, Classical.choice, Quot.sound]
info: OneY/RelativeBlocker.lean:590:0: 'OneY.RelativeBlocker.framedStep_wellFounded' depends on axioms: [propext, Classical.choice, Quot.sound]
ℹ [1769/1806] Replayed OneYTruth.RootComparison
info: OneYTruth/RootComparison.lean:56:0: 'OneYTruth.RootSemantics.R_iff_truth_agree' depends on axioms: [propext, Classical.choice, Quot.sound]
info: OneYTruth/RootComparison.lean:57:0: 'OneYTruth.RootSemantics.realize_comparison_iff_R' depends on axioms: [propext, Classical.choice, Quot.sound]
ℹ [1771/1806] Replayed OneYTruth.EndpointRelation
info: OneYTruth/EndpointRelation.lean:97:0: 'OneYTruth.EndpointComparison.named_comparison_iff_R' depends on axioms: [propext, Classical.choice, Quot.sound]
info: OneYTruth/EndpointRelation.lean:98:0: 'OneYTruth.EndpointComparison.diagonal_comparison_iff_R' depends on axioms: [propext, Classical.choice, Quot.sound]
⚠ [1773/1806] Replayed OneYTruth.GraphInputFormula
warning: OneYTruth/GraphInputFormula.lean:27:4: This simp argument is unused:
  snoc_last

Hint: Omit it from the simp argument list.
  [apply] simp only [namedFormula, Satisfies, satisfies_tripleEqAt, satisfies_readAt, snoc_castSucc]

Note: This linter can be disabled with `set_option linter.unusedSimpArgs false`
warning: OneYTruth/GraphInputFormula.lean:27:15: This simp argument is unused:
  snoc_castSucc

Hint: Omit it from the simp argument list.
  [apply] simp only [namedFormula, Satisfies, satisfies_tripleEqAt, satisfies_readAt, snoc_last]

Note: This linter can be disabled with `set_option linter.unusedSimpArgs false`
warning: OneYTruth/GraphInputFormula.lean:41:4: This simp argument is unused:
  snoc_last

Hint: Omit it from the simp argument list.
  [apply] simp only [diagonalFormula, Satisfies, satisfies_chainEqAt, satisfies_readAt, snoc_castSucc]

Note: This linter can be disabled with `set_option linter.unusedSimpArgs false`
warning: OneYTruth/GraphInputFormula.lean:41:15: This simp argument is unused:
  snoc_castSucc

Hint: Omit it from the simp argument list.
  [apply] simp only [diagonalFormula, Satisfies, satisfies_chainEqAt, satisfies_readAt, snoc_last]

Note: This linter can be disabled with `set_option linter.unusedSimpArgs false`
ℹ [1775/1806] Replayed OneYTruth.GraphInputConstructible
info: OneYTruth/GraphInputConstructible.lean:77:0: 'OneYTruth.ExternalTower.graphInputStep_mem_L' depends on axioms: [propext, Classical.choice, Quot.sound]
info: OneYTruth/GraphInputConstructible.lean:78:0: 'OneYTruth.ExternalTower.graph_mem_L_of_stepFormula' depends on axioms: [propext, Classical.choice, Quot.sound]
ℹ [1776/1806] Replayed OneYTruth.UniformFromGraph
info: OneYTruth/UniformFromGraph.lean:102:0: 'OneYTruth.ExternalTower.uniformSet_mem_L_of_graph' depends on axioms: [propext, Classical.choice, Quot.sound]
ℹ [1782/1806] Replayed OneY.NumericGeometry
info: OneY/NumericGeometry.lean:102:0: 'OneY.Numeric.mountain' depends on axioms: [propext, Classical.choice, Quot.sound]
info: OneY/NumericGeometry.lean:103:0: 'OneY.Numeric.contour_iff_computed_root' depends on axioms: [propext, Classical.choice, Quot.sound]
info: OneY/NumericGeometry.lean:104:0: 'OneY.Numeric.reference_iff_computed_root' depends on axioms: [propext, Classical.choice, Quot.sound]
ℹ [1783/1806] Replayed OneY.NumericRoots
info: OneY/NumericRoots.lean:104:0: 'OneY.Numeric.select_rootsOne' depends on axioms: [propext, Classical.choice, Quot.sound]
info: OneY/NumericRoots.lean:105:0: 'OneY.Numeric.ofSequence_rootsOne' depends on axioms: [propext, Classical.choice, Quot.sound]
ℹ [1784/1806] Replayed OneY.SparseDepth
info: OneY/SparseDepth.lean:76:0: 'OneY.Numeric.select_depth_nearestSmaller' depends on axioms: [propext, Classical.choice, Quot.sound]
info: OneY/SparseDepth.lean:77:0: 'OneY.Numeric.Row.next_depth_nearestSmaller' depends on axioms: [propext, Classical.choice, Quot.sound]
ℹ [1785/1806] Replayed OneY.NumericFrame
info: OneY/NumericFrame.lean:117:0: 'OneY.NumericFrame.matrix_depthRegular' depends on axioms: [propext, Classical.choice, Quot.sound]
info: OneY/NumericFrame.lean:118:0: 'OneY.NumericFrame.matrix_numeric_parent_all' depends on axioms: [propext, Classical.choice, Quot.sound]
info: OneY/NumericFrame.lean:119:0: 'OneY.NumericFrame.matrix_numeric_entry_all' depends on axioms: [propext, Classical.choice, Quot.sound]
ℹ [1786/1806] Replayed OneY.NumericFrameBlocker
info: OneY/NumericFrameBlocker.lean:141:0: 'OneY.Numeric.Row.next_exists_key_blocker' depends on axioms: [propext, Classical.choice, Quot.sound]
info: OneY/NumericFrameBlocker.lean:142:0: 'OneY.NumericFrame.matrix_aboveS' depends on axioms: [propext, Classical.choice, Quot.sound]
ℹ [1787/1806] Replayed OneY.Pseudo
info: OneY/Pseudo.lean:125:0: 'OneY.Pseudo.parent_none_iff' depends on axioms: [propext, Classical.choice, Quot.sound]
info: OneY/Pseudo.lean:126:0: 'OneY.Pseudo.parent_height' depends on axioms: [propext, Quot.sound]
info: OneY/Pseudo.lean:127:0: 'OneY.Pseudo.root_height_zero' depends on axioms: [propext, Classical.choice, Quot.sound]
info: OneY/Pseudo.lean:128:0: 'OneY.Pseudo.same_height_ancestor' depends on axioms: [propext, Quot.sound]
ℹ [1788/1806] Replayed OneY.ExtractionGeometry
info: OneY/ExtractionGeometry.lean:80:0: 'OneY.Numeric.topValue_le_of_same_height_pseudo_ancestor' depends on axioms: [propext, Classical.choice, Quot.sound]
info: OneY/ExtractionGeometry.lean:81:0: 'OneY.Numeric.rawExtract_parent_height_lt' depends on axioms: [propext, Classical.choice, Quot.sound]
info: OneY/ExtractionGeometry.lean:82:0: 'OneY.Numeric.rawExtract_ancestor_height_lt' depends on axioms: [propext, Classical.choice, Quot.sound]
ℹ [1789/1806] Replayed OneY.Extraction
info: OneY/Extraction.lean:116:0: 'OneY.Numeric.extract_rootsOne' depends on axioms: [propext, Classical.choice, Quot.sound]
info: OneY/Extraction.lean:117:0: 'OneY.Numeric.layers_one_of_bound' depends on axioms: [propext, Classical.choice, Quot.sound]
info: OneY/Extraction.lean:118:0: 'OneY.Numeric.sequence_layers_no_parents' depends on axioms: [propext, Classical.choice, Quot.sound]
ℹ [1790/1806] Replayed OneY.BadRoot
info: OneY/BadRoot.lean:140:0: 'OneY.Numeric.exists_badAt' depends on axioms: [propext, Classical.choice, Quot.sound]
info: OneY/BadRoot.lean:141:0: 'OneY.Numeric.sequence_badRoot_exists' depends on axioms: [propext, Classical.choice, Quot.sound]
ℹ [1791/1806] Replayed OneY.CopyCoordinates
info: OneY/CopyCoordinates.lean:163:0: 'OneY.CopyCoordinates.Context.coordinates_unique' depends on axioms: [propext, Quot.sound]
info: OneY/CopyCoordinates.lean:164:0: 'OneY.CopyCoordinates.Context.encoded_lt_width_iff' depends on axioms: [propext, Quot.sound]
info: OneY/CopyCoordinates.lean:165:0: 'OneY.CopyCoordinates.Context.parentCopy_lt_column' depends on axioms: [propext, Classical.choice, Quot.sound]
ℹ [1792/1806] Replayed OneY.TerminalCopy
info: OneY/TerminalCopy.lean:225:0: 'OneY.TerminalCopy.Context.height_parentCopy' depends on axioms: [propext, Quot.sound]
info: OneY/TerminalCopy.lean:226:0: 'OneY.TerminalCopy.Context.parent_left' depends on axioms: [propext, Classical.choice, Quot.sound]
info: OneY/TerminalCopy.lean:227:0: 'OneY.TerminalCopy.Context.parent_source' depends on axioms: [propext, Quot.sound]
info: OneY/TerminalCopy.lean:228:0: 'OneY.TerminalCopy.Context.parent_endpoint' depends on axioms: [propext, Classical.choice, Quot.sound]
info: OneY/TerminalCopy.lean:229:0: 'OneY.TerminalCopy.Context.parent_none_iff' depends on axioms: [propext, Quot.sound]
ℹ [1793/1806] Replayed OneY.TerminalCopyNesting
info: OneY/TerminalCopyNesting.lean:204:0: 'OneY.TerminalCopy.Context.root_good_ancestor_low' depends on axioms: [propext, Classical.choice, Quot.sound]
info: OneY/TerminalCopyNesting.lean:205:0: 'OneY.TerminalCopy.Context.nested_succ' depends on axioms: [propext, Classical.choice, Quot.sound]
info: OneY/TerminalCopyNesting.lean:206:0: 'OneY.TerminalCopy.Context.toRowMountain' depends on axioms: [propext, Classical.choice, Quot.sound]
ℹ [1794/1806] Replayed OneY.TerminalCopyNumeric
info: OneY/TerminalCopyNumeric.lean:47:0: 'OneY.Numeric.badAtTerminalContext' depends on axioms: [propext, Classical.choice, Quot.sound]
info: OneY/TerminalCopyNumeric.lean:48:0: 'OneY.Numeric.badAtTerminalMountain' depends on axioms: [propext, Classical.choice, Quot.sound]
info: OneY/TerminalCopyNumeric.lean:49:0: 'OneY.Numeric.badAtTerminal_seam_parent_above' depends on axioms: [propext, Classical.choice, Quot.sound]
ℹ [1795/1806] Replayed OneY.TerminalFrame
info: OneY/TerminalFrame.lean:74:0: 'OneY.NumericFrame.maximalParentRow_eq' depends on axioms: [propext, Classical.choice, Quot.sound]
info: OneY/TerminalFrame.lean:75:0: 'OneY.NumericFrame.badAtContext' depends on axioms: [propext, Classical.choice, Quot.sound]
info: OneY/TerminalFrame.lean:76:0: 'OneY.NumericFrame.expanded_relative_structure' depends on axioms: [propext, Classical.choice, Quot.sound]
ℹ [1796/1806] Replayed OneY.OrdinaryCopy
info: OneY/OrdinaryCopy.lean:240:0: 'OneY.OrdinaryCopy.Context.encode_coordinates' depends on axioms: [propext, Quot.sound]
info: OneY/OrdinaryCopy.lean:241:0: 'OneY.OrdinaryCopy.Context.parent_left' depends on axioms: [propext, Quot.sound]
info: OneY/OrdinaryCopy.lean:242:0: 'OneY.OrdinaryCopy.Context.parent_endpoint' depends on axioms: [propext, Quot.sound]
info: OneY/OrdinaryCopy.lean:243:0: 'OneY.OrdinaryCopy.Context.nested_succ' depends on axioms: [propext, Quot.sound]
info: OneY/OrdinaryCopy.lean:244:0: 'OneY.OrdinaryCopy.Context.toRowMountain' depends on axioms: [propext, Quot.sound]
ℹ [1797/1806] Replayed OneY.OrdinaryCopyRoots
info: OneY/OrdinaryCopyRoots.lean:65:0: 'OneY.OrdinaryCopy.Context.root_formula' depends on axioms: [propext, Quot.sound]
info: OneY/OrdinaryCopyRoots.lean:66:0: 'OneY.OrdinaryCopy.Context.topForest_parent_formula' depends on axioms: [propext, Quot.sound]
ℹ [1798/1806] Replayed OneY.Reconstruction
info: OneY/Reconstruction.lean:198:0: 'OneY.Reconstruction.value_reconstructs' depends on axioms: [propext, Quot.sound]
info: OneY/Reconstruction.lean:199:0: 'OneY.Reconstruction.parent_value_lt' depends on axioms: [propext, Quot.sound]
info: OneY/Reconstruction.lean:200:0: 'OneY.Reconstruction.reconstructs_unique' depends on axioms: [propext, Quot.sound]
info: OneY/Reconstruction.lean:201:0: 'OneY.Reconstruction.exists_unique_reconstruction' depends on axioms: [propext, Quot.sound]
info: OneY/Reconstruction.lean:202:0: 'OneY.Reconstruction.value_prefix_congr' depends on axioms: [propext, Quot.sound]
ℹ [1799/1806] Replayed OneY.DecoratedColumn
info: OneY/DecoratedColumn.lean:73:0: 'OneY.DecoratedColumn.copied_le' depends on axioms: [propext, Classical.choice, Quot.sound]
ℹ [1800/1845] Replayed OneYTruth.ActualTowerConstructible
info: OneYTruth/ActualTowerConstructible.lean:47:0: 'OneYTruth.ExternalTower.graph_mem_L' depends on axioms: [propext, Classical.choice, Quot.sound]
info: OneYTruth/ActualTowerConstructible.lean:48:0: 'OneYTruth.RootSemantics.ambientTruth_mem_L' depends on axioms: [propext, Classical.choice, Quot.sound]
ℹ [1801/1845] Replayed OneY.ReconstructionNumeric
info: OneY/ReconstructionNumeric.lean:69:0: 'OneY.Reconstruction.numeric_rows_reconstruct' depends on axioms: [propext, Classical.choice, Quot.sound]
info: OneY/ReconstructionNumeric.lean:70:0: 'OneY.Reconstruction.value_numeric_mountain' depends on axioms: [propext, Classical.choice, Quot.sound]
info: OneY/ReconstructionNumeric.lean:71:0: 'OneY.Reconstruction.value_sequence_base' depends on axioms: [propext, Classical.choice, Quot.sound]
info: OneY/ReconstructionNumeric.lean:72:0: 'OneY.Reconstruction.restrictedParent_numeric_reconstruction' depends on axioms: [propext, Classical.choice, Quot.sound]
ℹ [1802/1845] Replayed OneY.OrdinaryCopyReconstruction
info: OneY/OrdinaryCopyReconstruction.lean:68:0: 'OneY.OrdinaryCopy.Context.value_eq_source' depends on axioms: [propext, Quot.sound]
info: OneY/OrdinaryCopyReconstruction.lean:69:0: 'OneY.OrdinaryCopy.Context.value_parentCopy' depends on axioms: [propext, Quot.sound]
info: OneY/OrdinaryCopyReconstruction.lean:70:0: 'OneY.Numeric.ordinaryCopy_value' depends on axioms: [propext, Classical.choice, Quot.sound]
ℹ [1803/1845] Replayed OneY.TerminalCopyReconstruction
info: OneY/TerminalCopyReconstruction.lean:218:0: 'OneY.Reconstruction.value_upper_congr' depends on axioms: [propext, Quot.sound]
info: OneY/TerminalCopyReconstruction.lean:219:0: 'OneY.TerminalCopy.Context.height_eq_ordinary' depends on axioms: [propext, Classical.choice, Quot.sound]
info: OneY/TerminalCopyReconstruction.lean:220:0: 'OneY.TerminalCopy.Context.value_above' depends on axioms: [propext, Classical.choice, Quot.sound]
info: OneY/TerminalCopyReconstruction.lean:221:0: 'OneY.Numeric.badAtTerminal_value_above' depends on axioms: [propext, Classical.choice, Quot.sound]
info: OneY/TerminalCopyReconstruction.lean:222:0: 'OneY.Numeric.badAtTerminal_first_seam_succ' depends on axioms: [propext, Classical.choice, Quot.sound]
ℹ [1804/1845] Replayed OneY.TerminalFrameParents
info: OneY/TerminalFrameParents.lean:125:0: 'OneY.NumericFrame.expanded_parent_parentCopy' depends on axioms: [propext, Classical.choice, Quot.sound]
info: OneY/TerminalFrameParents.lean:126:0: 'OneY.NumericFrame.expanded_parent' depends on axioms: [propext, Classical.choice, Quot.sound]
ℹ [1805/1845] Replayed OneY.TerminalFrameDepths
info: OneY/TerminalFrameDepths.lean:46:0: 'OneY.ParentForest.depth_eq_parentDepth' depends on axioms: [propext, Quot.sound]
info: OneY/TerminalFrameDepths.lean:47:0: 'OneY.NumericFrame.expanded_entry' depends on axioms: [propext, Classical.choice, Quot.sound]
ℹ [1806/1845] Replayed OneY.LowerCopy
info: OneY/LowerCopy.lean:313:0: 'OneY.LowerCopy.Context.height_parentCopy' depends on axioms: [propext, Quot.sound]
info: OneY/LowerCopy.lean:314:0: 'OneY.LowerCopy.Context.parent_left' depends on axioms: [propext, Classical.choice, Quot.sound]
info: OneY/LowerCopy.lean:315:0: 'OneY.LowerCopy.Context.parent_source' depends on axioms: [propext, Quot.sound]
info: OneY/LowerCopy.lean:316:0: 'OneY.LowerCopy.Context.parent_endpoint' depends on axioms: [propext, Classical.choice, Quot.sound]
info: OneY/LowerCopy.lean:317:0: 'OneY.LowerCopy.Context.parent_exists' depends on axioms: [propext, Classical.choice, Quot.sound]
ℹ [1807/1845] Replayed OneY.LowerCopyNesting
info: OneY/LowerCopyNesting.lean:302:0: 'OneY.LowerCopy.Context.root_good_ancestor' depends on axioms: [propext, Classical.choice, Quot.sound]
info: OneY/LowerCopyNesting.lean:303:0: 'OneY.LowerCopy.Context.low_ancestor_copy' depends on axioms: [propext, Classical.choice, Quot.sound]
info: OneY/LowerCopyNesting.lean:304:0: 'OneY.LowerCopy.Context.outside_ancestor_copy' depends on axioms: [propext, Classical.choice, Quot.sound]
info: OneY/LowerCopyNesting.lean:305:0: 'OneY.LowerCopy.Context.lifted_ancestor_copy' depends on axioms: [propext, Classical.choice, Quot.sound]
info: OneY/LowerCopyNesting.lean:306:0: 'OneY.LowerCopy.Context.nested_succ' depends on axioms: [propext, Classical.choice, Quot.sound]
info: OneY/LowerCopyNesting.lean:307:0: 'OneY.LowerCopy.Context.toRowMountain' depends on axioms: [propext, Classical.choice, Quot.sound]
ℹ [1808/1845] Replayed OneY.LowerCopyDominance
info: OneY/LowerCopyDominance.lean:451:0: 'OneY.LowerCopy.Context.parent_rowCopy' depends on axioms: [propext, Quot.sound]
info: OneY/LowerCopyDominance.lean:452:0: 'OneY.LowerCopy.Context.value_row_antitone' depends on axioms: [propext, Quot.sound]
info: OneY/LowerCopyDominance.lean:453:0: 'OneY.LowerCopy.Context.value_copy_dominance' depends on axioms: [propext, Classical.choice, Quot.sound]
info: OneY/LowerCopyDominance.lean:454:0: 'OneY.LowerCopy.Context.value_copy_dominance_numeric' depends on axioms: [propext, Classical.choice, Quot.sound]
info: OneY/LowerCopyDominance.lean:455:0: 'OneY.LowerCopy.Context.value_good_eq' depends on axioms: [propext, Classical.choice, Quot.sound]
info: OneY/LowerCopyDominance.lean:456:0: 'OneY.LowerCopy.Context.value_tail_eq_of_good_parent' depends on axioms: [propext, Classical.choice, Quot.sound]
info: OneY/LowerCopyDominance.lean:457:0: 'OneY.LowerCopy.Context.old_top_strictly_increases_in_cone' depends on axioms: [propext, Classical.choice, Quot.sound]
info: OneY/LowerCopyDominance.lean:458:0: 'OneY.LowerCopy.Context.value_top_tail_eq' depends on axioms: [propext, Classical.choice, Quot.sound]
info: OneY/LowerCopyDominance.lean:459:0: 'OneY.LowerCopy.Context.value_tail_eq_of_no_parent_outside' depends on axioms: [propext, Classical.choice, Quot.sound]
info: OneY/LowerCopyDominance.lean:460:0: 'OneY.LowerCopy.Context.extracted_parent_good_of_row_parent_good' depends on axioms: [propext,
 Classical.choice,
 Quot.sound]
info: OneY/LowerCopyDominance.lean:461:0: 'OneY.LowerCopy.Context.zero_root_path_copy_low' depends on axioms: [propext, Classical.choice, Quot.sound]
ℹ [1809/1845] Replayed OneY.LowerCopyDepths
info: OneY/LowerCopyDepths.lean:284:0: 'OneY.LowerCopy.Context.depth_lifted' depends on axioms: [propext, Classical.choice, Quot.sound]
info: OneY/LowerCopyDepths.lean:285:0: 'OneY.LowerCopy.Context.depth_reference_root' depends on axioms: [propext, Classical.choice, Quot.sound]
info: OneY/LowerCopyDepths.lean:286:0: 'OneY.LowerCopy.Context.depth_fill' depends on axioms: [propext, Classical.choice, Quot.sound]
info: OneY/LowerCopyDepths.lean:287:0: 'OneY.LowerCopy.Context.depth_low_of_root_ancestor' depends on axioms: [propext, Classical.choice, Quot.sound]
info: OneY/LowerCopyDepths.lean:288:0: 'OneY.LowerCopy.Context.depth_low_of_no_root_ancestor' depends on axioms: [propext, Classical.choice, Quot.sound]
info: OneY/LowerCopyDepths.lean:289:0: 'OneY.LowerCopy.Context.depth_outside_high' depends on axioms: [propext, Classical.choice, Quot.sound]
ℹ [1810/1845] Replayed OneY.LowerCopyComparison
info: OneY/LowerCopyComparison.lean:564:0: 'OneY.LowerCopy.Context.depthRegular_numeric' depends on axioms: [propext, Classical.choice, Quot.sound]
info: OneY/LowerCopyComparison.lean:565:0: 'OneY.LowerCopy.Context.ancestor_mono_of_previous_depth' depends on axioms: [propext, Classical.choice, Quot.sound]
info: OneY/LowerCopyComparison.lean:566:0: 'OneY.LowerCopy.Context.depth_low_lt_of_previous' depends on axioms: [propext, Classical.choice, Quot.sound]
info: OneY/LowerCopyComparison.lean:567:0: 'OneY.LowerCopy.Context.depth_low_eq_of_previous' depends on axioms: [propext, Classical.choice, Quot.sound]
info: OneY/LowerCopyComparison.lean:568:0: 'OneY.LowerCopy.Context.depthsEqual_low_start' depends on axioms: [propext, Classical.choice, Quot.sound]
info: OneY/LowerCopyComparison.lean:569:0: 'OneY.LowerCopy.Context.depthsLT_low_start' depends on axioms: [propext, Classical.choice, Quot.sound]
info: OneY/LowerCopyComparison.lean:570:0: 'OneY.LowerCopy.Context.pseudo_eq_of_depthsEqualFrom' depends on axioms: [propext, Classical.choice, Quot.sound]
info: OneY/LowerCopyComparison.lean:571:0: 'OneY.LowerCopy.Context.keyLE_low_start' depends on axioms: [propext, Classical.choice, Quot.sound]
info: OneY/LowerCopyComparison.lean:572:0: 'OneY.LowerCopy.Context.keyLE_floor_start' depends on axioms: [propext, Classical.choice, Quot.sound]
info: OneY/LowerCopyComparison.lean:573:0: 'OneY.LowerCopy.Context.keyLE_lifted_start' depends on axioms: [propext, Classical.choice, Quot.sound]
info: OneY/LowerCopyComparison.lean:574:0: 'OneY.LowerCopy.Context.keyLE_outside_start' depends on axioms: [propext, Classical.choice, Quot.sound]
ℹ [1811/1845] Replayed OneY.TerminalCopyComparison
info: OneY/TerminalCopyComparison.lean:112:0: 'OneY.DecoratedColumn.keyLEFrom_iff_columns' depends on axioms: [propext, Quot.sound]
info: OneY/TerminalCopyComparison.lean:113:0: 'OneY.NumericFrame.copied_keyLE' depends on axioms: [propext, Classical.choice, Quot.sound]
ℹ [1812/1845] Replayed OneY.ReconstructionComparison
info: OneY/ReconstructionComparison.lean:161:0: 'OneY.Reconstruction.numericRow_rows' depends on axioms: [propext, Quot.sound]
info: OneY/ReconstructionComparison.lean:162:0: 'OneY.Reconstruction.numericRow_topValue' depends on axioms: [propext, Quot.sound]
info: OneY/ReconstructionComparison.lean:163:0: 'OneY.Reconstruction.keyLEFrom_iff_value_le' depends on axioms: [propext, Classical.choice, Quot.sound]
ℹ [1813/1845] Replayed OneY.DecoratedBlocker
info: OneY/DecoratedBlocker.lean:193:0: 'OneY.DecoratedColumn.blocker_nonroot_bad' depends on axioms: [propext, Classical.choice, Quot.sound]
info: OneY/DecoratedBlocker.lean:194:0: 'OneY.DecoratedColumn.blocker_nonroot_good' depends on axioms: [propext, Classical.choice, Quot.sound]
info: OneY/DecoratedBlocker.lean:195:0: 'OneY.DecoratedColumn.blocker_root_below' depends on axioms: [propext, Classical.choice, Quot.sound]
ℹ [1814/1845] Replayed OneY.DecoratedBlockerExpansion
info: OneY/DecoratedBlockerExpansion.lean:138:0: 'OneY.DecoratedColumn.blocker_root_at' depends on axioms: [propext, Classical.choice, Quot.sound]
info: OneY/DecoratedBlockerExpansion.lean:139:0: 'OneY.DecoratedColumn.rowS_expand_le' depends on axioms: [propext, Classical.choice, Quot.sound]
ℹ [1815/1845] Replayed OneY.NumericDecoratedFrame
info: OneY/NumericDecoratedFrame.lean:88:0: 'OneY.NumericFrame.matrix_decorated_rowS' depends on axioms: [propext, Classical.choice, Quot.sound]
info: OneY/NumericDecoratedFrame.lean:89:0: 'OneY.NumericFrame.badAt_expanded_decorated_rowS' depends on axioms: [propext, Classical.choice, Quot.sound]
ℹ [1816/1845] Replayed OneY.OrdinaryCopySelection
info: OneY/OrdinaryCopySelection.lean:112:0: 'OneY.OrdinaryCopy.Context.ancestor_parentCopy_iff' depends on axioms: [propext, Quot.sound]
info: OneY/OrdinaryCopySelection.lean:113:0: 'OneY.OrdinaryCopy.Context.restrictedParent_formula' depends on axioms: [propext, Classical.choice, Quot.sound]
info: OneY/OrdinaryCopySelection.lean:114:0: 'OneY.Numeric.ordinaryCopy_restrictedParent_reconstruction' depends on axioms: [propext, Classical.choice, Quot.sound]
ℹ [1817/1845] Replayed OneY.OrdinaryCopyForest
info: OneY/OrdinaryCopyForest.lean:121:0: 'OneY.OrdinaryCopy.Context.forest_ancestor_parentCopy_iff' depends on axioms: [propext, Quot.sound]
info: OneY/OrdinaryCopyForest.lean:122:0: 'OneY.OrdinaryCopy.Context.restrictedParent_of_forest_copy' depends on axioms: [propext, Classical.choice, Quot.sound]
ℹ [1818/1845] Replayed OneY.OrdinaryCopyNumeric
info: OneY/OrdinaryCopyNumeric.lean:140:0: 'OneY.Numeric.ordinaryCopy_rows' depends on axioms: [propext, Classical.choice, Quot.sound]
info: OneY/OrdinaryCopyNumeric.lean:141:0: 'OneY.Numeric.ordinaryCopy_height' depends on axioms: [propext, Classical.choice, Quot.sound]
info: OneY/OrdinaryCopyNumeric.lean:142:0: 'OneY.Numeric.ordinaryCopy_topValue' depends on axioms: [propext, Classical.choice, Quot.sound]
ℹ [1819/1845] Replayed OneY.OrdinaryCopyPseudo
info: OneY/OrdinaryCopyPseudo.lean:72:0: 'OneY.OrdinaryCopy.Context.pseudoCandidate_parentCopy_iff' depends on axioms: [propext, Quot.sound]
info: OneY/OrdinaryCopyPseudo.lean:73:0: 'OneY.OrdinaryCopy.Context.pseudo_parent_formula' depends on axioms: [propext, Classical.choice, Quot.sound]
ℹ [1820/1845] Replayed OneY.OrdinaryCopyExtraction
info: OneY/OrdinaryCopyExtraction.lean:97:0: 'OneY.Numeric.ordinaryCopy_mountain' depends on axioms: [propext, Classical.choice, Quot.sound]
info: OneY/OrdinaryCopyExtraction.lean:98:0: 'OneY.Numeric.ordinaryCopy_rawExtract' depends on axioms: [propext, Classical.choice, Quot.sound]
info: OneY/OrdinaryCopyExtraction.lean:99:0: 'OneY.Numeric.ordinaryCopy_extract' depends on axioms: [propext, Classical.choice, Quot.sound]
ℹ [1821/1845] Replayed OneY.TerminalCopyCanonical
info: OneY/TerminalCopyCanonical.lean:100:0: 'OneY.Numeric.restrictedParent_prefix_congr' depends on axioms: [propext, Classical.choice, Quot.sound]
info: OneY/TerminalCopyCanonical.lean:101:0: 'OneY.Numeric.badAtTerminal_restrictedParent_above' depends on axioms: [propext, Classical.choice, Quot.sound]
info: OneY/TerminalCopyCanonical.lean:102:0: 'OneY.Numeric.badAtTerminal_restrictedParent_prefix' depends on axioms: [propext, Classical.choice, Quot.sound]
ℹ [1822/1845] Replayed OneY.TerminalDecoratedRecovery
info: OneY/TerminalDecoratedRecovery.lean:128:0: 'OneY.NumericFrame.badAtTerminal_restrictedParent_some_bounded' depends on axioms: [propext,
 Classical.choice,
 Quot.sound]
info: OneY/TerminalDecoratedRecovery.lean:129:0: 'OneY.NumericFrame.badAtTerminal_restrictedParent_some' depends on axioms: [propext, Classical.choice, Quot.sound]
ℹ [1823/1845] Replayed OneY.ReconstructionTop
info: OneY/ReconstructionTop.lean:117:0: 'OneY.Reconstruction.pseudoTopBound_of_extractedHeightDecrease' depends on axioms: [propext, Quot.sound]
info: OneY/ReconstructionTop.lean:118:0: 'OneY.Reconstruction.restrictedParent_top_none' depends on axioms: [propext, Classical.choice, Quot.sound]
info: OneY/ReconstructionTop.lean:119:0: 'OneY.Reconstruction.restrictedParent_top_none_of_extracted' depends on axioms: [propext, Classical.choice, Quot.sound]
ℹ [1824/1845] Replayed OneY.TerminalCopyTopBound
info: OneY/TerminalCopyTopBound.lean:232:0: 'OneY.TerminalCopy.Context.positiveBound_copy' depends on axioms: [propext, Classical.choice, Quot.sound]
info: OneY/TerminalCopyTopBound.lean:233:0: 'OneY.Numeric.positiveBound_splice' depends on axioms: [propext, Classical.choice, Quot.sound]
info: OneY/TerminalCopyTopBound.lean:234:0: 'OneY.Numeric.badAtTerminal_pseudoTopBound' depends on axioms: [propext, Classical.choice, Quot.sound]
ℹ [1825/1845] Replayed OneY.TerminalCopyComplete
info: OneY/TerminalCopyComplete.lean:60:0: 'OneY.Numeric.badAtTerminal_restrictedParent' depends on axioms: [propext, Classical.choice, Quot.sound]
ℹ [1826/1845] Replayed OneY.TerminalCopyRoots
info: OneY/TerminalCopyRoots.lean:84:0: 'OneY.TerminalCopy.Context.root_formula' depends on axioms: [propext, Classical.choice, Quot.sound]
info: OneY/TerminalCopyRoots.lean:85:0: 'OneY.TerminalCopy.Context.topForest_eq_ordinary' depends on axioms: [propext, Classical.choice, Quot.sound]
ℹ [1827/1845] Replayed OneY.PseudoCollapse
info: OneY/PseudoCollapse.lean:88:0: 'OneY.Pseudo.lowerParent_eq_topForest' depends on axioms: [propext, Classical.choice, Quot.sound]
info: OneY/PseudoCollapse.lean:89:0: 'OneY.Pseudo.lowerParent_some_height' depends on axioms: [propext, Classical.choice, Quot.sound]
ℹ [1828/1845] Replayed OneY.PseudoSelection
info: OneY/PseudoSelection.lean:174:0: 'OneY.Pseudo.nearestSmaller_height_eq_topForest' depends on axioms: [propext, Classical.choice, Quot.sound]
info: OneY/PseudoSelection.lean:175:0: 'OneY.Pseudo.topForest_refines' depends on axioms: [propext, Classical.choice, Quot.sound]
info: OneY/PseudoSelection.lean:176:0: 'OneY.Numeric.pseudo_select_parent_eq_topForest' depends on axioms: [propext, Classical.choice, Quot.sound]
info: OneY/PseudoSelection.lean:177:0: 'OneY.Numeric.rawExtract_refines_topForest' depends on axioms: [propext, Classical.choice, Quot.sound]
info: OneY/PseudoSelection.lean:178:0: 'OneY.Numeric.rawExtract_parent_eq_topForest' depends on axioms: [propext, Classical.choice, Quot.sound]
ℹ [1829/1845] Replayed OneY.TerminalCopyExtraction
info: OneY/TerminalCopyExtraction.lean:55:0: 'OneY.TerminalCopy.Context.restrictedParent_topForest' depends on axioms: [propext, Classical.choice, Quot.sound]
info: OneY/TerminalCopyExtraction.lean:56:0: 'OneY.Numeric.badAtTerminal_topForest_select' depends on axioms: [propext, Classical.choice, Quot.sound]
ℹ [1830/1845] Replayed OneY.TopForestGeometry
info: OneY/TopForestGeometry.lean:101:0: 'OneY.RootGeometry.RowMountain.topForest_ancestor_iff' depends on axioms: [propext, Classical.choice, Quot.sound]
info: OneY/TopForestGeometry.lean:102:0: 'OneY.RootGeometry.RowMountain.vertex_iff_topForest' depends on axioms: [propext, Classical.choice, Quot.sound]
info: OneY/TopForestGeometry.lean:103:0: 'OneY.Numeric.rawExtract_ancestor_rootAt' depends on axioms: [propext, Classical.choice, Quot.sound]
info: OneY/TopForestGeometry.lean:104:0: 'OneY.Numeric.rawExtract_ancestor_vertex' depends on axioms: [propext, Classical.choice, Quot.sound]
ℹ [1831/1845] Replayed OneY.ActiveGeometry
info: OneY/ActiveGeometry.lean:101:0: 'OneY.Numeric.rawExtract_refines_base' depends on axioms: [propext, Classical.choice, Quot.sound]
info: OneY/ActiveGeometry.lean:102:0: 'OneY.Numeric.active_parent_lower_root' depends on axioms: [propext, Classical.choice, Quot.sound]
info: OneY/ActiveGeometry.lean:103:0: 'OneY.Numeric.activeLowerContext' depends on axioms: [propext, Classical.choice, Quot.sound]
info: OneY/ActiveGeometry.lean:104:0: 'OneY.Numeric.badAtLowerContext' depends on axioms: [propext, Classical.choice, Quot.sound]
ℹ [1832/1845] Replayed OneY.LowerCopyRoots
info: OneY/LowerCopyRoots.lean:240:0: 'OneY.LowerCopy.Context.rootAt_lifted' depends on axioms: [propext, Classical.choice, Quot.sound]
info: OneY/LowerCopyRoots.lean:241:0: 'OneY.LowerCopy.Context.rootAt_reference_eq' depends on axioms: [propext, Classical.choice, Quot.sound]
info: OneY/LowerCopyRoots.lean:242:0: 'OneY.LowerCopy.Context.rootAt_fill' depends on axioms: [propext, Classical.choice, Quot.sound]
info: OneY/LowerCopyRoots.lean:243:0: 'OneY.LowerCopy.Context.rootAt_low_cone' depends on axioms: [propext, Classical.choice, Quot.sound]
info: OneY/LowerCopyRoots.lean:244:0: 'OneY.LowerCopy.Context.rootAt_outside' depends on axioms: [propext, Classical.choice, Quot.sound]
ℹ [1833/1873] Replayed OneY.TerminalCopyRebuild
info: OneY/TerminalCopyRebuild.lean:89:0: 'OneY.Numeric.badAtTerminalBase_mountain' depends on axioms: [propext, Classical.choice, Quot.sound]
info: OneY/TerminalCopyRebuild.lean:90:0: 'OneY.Numeric.badAtTerminalBase_rawExtract' depends on axioms: [propext, Classical.choice, Quot.sound]
ℹ [1834/1873] Replayed OneY.LowerCopyBlocker
info: OneY/LowerCopyBlocker.lean:351:0: 'OneY.LowerCopy.Context.value_tail_eq_from_upperFixed' depends on axioms: [propext, Classical.choice, Quot.sound]
info: OneY/LowerCopyBlocker.lean:352:0: 'OneY.LowerCopy.Context.good_blocker_path' depends on axioms: [propext, Classical.choice, Quot.sound]
info: OneY/LowerCopyBlocker.lean:353:0: 'OneY.LowerCopy.Context.good_blocker_value' depends on axioms: [propext, Classical.choice, Quot.sound]
info: OneY/LowerCopyBlocker.lean:354:0: 'OneY.LowerCopy.Context.restrictedParent_good_copy_of_blocker' depends on axioms: [propext,
 Classical.choice,
 Quot.sound]
info: OneY/LowerCopyBlocker.lean:355:0: 'OneY.LowerCopy.Context.restrictedParent_good_copy' depends on axioms: [propext, Classical.choice, Quot.sound]
info: OneY/LowerCopyBlocker.lean:356:0: 'OneY.LowerCopy.Context.restrictedParent_good_copy_numeric' depends on axioms: [propext, Classical.choice, Quot.sound]
info: OneY/LowerCopyBlocker.lean:357:0: 'OneY.LowerCopy.Context.restrictedParent_bad_low_copy_numeric' depends on axioms: [propext,
 Classical.choice,
 Quot.sound]
ℹ [1835/1873] Replayed OneY.TerminalCopyTransport
info: OneY/TerminalCopyTransport.lean:79:0: 'OneY.Numeric.badAtTerminalBase_fixed_of_good_parent' depends on axioms: [propext, Classical.choice, Quot.sound]
info: OneY/TerminalCopyTransport.lean:80:0: 'OneY.Numeric.badAtTerminalBase_upperFixed' depends on axioms: [propext, Classical.choice, Quot.sound]
ℹ [1836/1873] Replayed OneY.FrameCopy
info: OneY/FrameCopy.lean:136:0: 'OneY.FrameCopy.parent_left' depends on axioms: [propext, Classical.choice, Quot.sound]
info: OneY/FrameCopy.lean:137:0: 'OneY.FrameCopy.ancestor_copy' depends on axioms: [propext, Classical.choice, Quot.sound]
ℹ [1837/1873] Replayed OneY.TerminalCopyBottom
info: OneY/TerminalCopyBottom.lean:97:0: 'OneY.TerminalCopy.Context.zero_refines_frameCopy' depends on axioms: [propext, Classical.choice, Quot.sound]
info: OneY/TerminalCopyBottom.lean:98:0: 'OneY.Numeric.badAtTerminalBase_order_of_common_parent' depends on axioms: [propext, Classical.choice, Quot.sound]
ℹ [1838/1873] Replayed OneY.TerminalCopyBottomRecovery
info: OneY/TerminalCopyBottomRecovery.lean:288:0: 'OneY.Numeric.badAtTerminal_external_after_blocker' depends on axioms: [propext, Classical.choice, Quot.sound]
info: OneY/TerminalCopyBottomRecovery.lean:289:0: 'OneY.Numeric.badAtTerminal_external_nonroot' depends on axioms: [propext, Classical.choice, Quot.sound]
info: OneY/TerminalCopyBottomRecovery.lean:290:0: 'OneY.Numeric.badAtTerminalBase_none_eq_one' depends on axioms: [propext, Classical.choice, Quot.sound]
ℹ [1839/1873] Replayed OneY.TerminalCopySeamComparison
info: OneY/TerminalCopySeamComparison.lean:110:0: 'OneY.Numeric.badAtTerminalBase_seam_order' depends on axioms: [propext, Classical.choice, Quot.sound]
ℹ [1840/1873] Replayed OneY.TerminalCopyExternalSeam
info: OneY/TerminalCopyExternalSeam.lean:160:0: 'OneY.Numeric.badAtTerminal_external_seam_low' depends on axioms: [propext, Classical.choice, Quot.sound]
info: OneY/TerminalCopyExternalSeam.lean:161:0: 'OneY.Numeric.badAtTerminal_external_seam_zero' depends on axioms: [propext, Classical.choice, Quot.sound]
ℹ [1841/1873] Replayed OneY.TerminalCopyExternal
info: OneY/TerminalCopyExternal.lean:62:0: 'OneY.Numeric.badAtTerminal_restrictedParent_external' depends on axioms: [propext, Classical.choice, Quot.sound]
info: OneY/TerminalCopyExternal.lean:63:0: 'OneY.Numeric.badAtTerminalBase_select_external' depends on axioms: [propext, Classical.choice, Quot.sound]
ℹ [1842/1873] Replayed OneY.TerminalCopyDepths
info: OneY/TerminalCopyDepths.lean:126:0: 'OneY.TerminalCopy.Context.depth_low_of_root_ancestor' depends on axioms: [propext, Classical.choice, Quot.sound]
info: OneY/TerminalCopyDepths.lean:127:0: 'OneY.TerminalCopy.Context.depth_low_of_no_root_ancestor' depends on axioms: [propext, Classical.choice, Quot.sound]
ℹ [1843/1873] Replayed OneY.TerminalCopyUpperOrder
info: OneY/TerminalCopyUpperOrder.lean:130:0: 'OneY.TerminalCopy.Context.depth_zero_lt_copy_of_common_frame' depends on axioms: [propext,
 Classical.choice,
 Quot.sound]
info: OneY/TerminalCopyUpperOrder.lean:131:0: 'OneY.Numeric.badAtTerminalBase_order_of_common_frame' depends on axioms: [propext, Classical.choice, Quot.sound]
info: OneY/TerminalCopyUpperOrder.lean:132:0: 'OneY.Numeric.badAtTerminalBase_upperOrder' depends on axioms: [propext, Classical.choice, Quot.sound]
ℹ [1844/1873] Replayed OneY.TerminalCopyLinear
info: OneY/TerminalCopyLinear.lean:40:0: 'OneY.FrameCopy.linear_forest' depends on axioms: [propext, Classical.choice, Quot.sound]
info: OneY/TerminalCopyLinear.lean:41:0: 'OneY.Numeric.badAtTerminalBase_select_linear' depends on axioms: [propext, Classical.choice, Quot.sound]
ℹ [1845/1873] Replayed OneY.Build
info: OneY/Build.lean:71:0: 'OneY.Numeric.stopLayer_done' depends on axioms: [propext, Classical.choice, Quot.sound]
info: OneY/Build.lean:72:0: 'OneY.Numeric.before_stopLayer_not_done' depends on axioms: [propext, Classical.choice, Quot.sound]
info: OneY/Build.lean:73:0: 'OneY.Numeric.completeLayers_length' depends on axioms: [propext, Classical.choice, Quot.sound]
ℹ [1846/1873] Replayed OneY.RootSearch
info: OneY/RootSearch.lean:100:0: 'OneY.Numeric.findBadRoot_sound' depends on axioms: [propext, Classical.choice, Quot.sound]
info: OneY/RootSearch.lean:101:0: 'OneY.Numeric.findBadRoot_none_iff' depends on axioms: [propext, Classical.choice, Quot.sound]
ℹ [1847/1873] Replayed OneY.TowerReconstruction
info: OneY/TowerReconstruction.lean:93:0: 'OneY.TowerReconstruction.assemble_positive' depends on axioms: [propext, Quot.sound]
info: OneY/TowerReconstruction.lean:94:0: 'OneY.TowerReconstruction.assemble_originalGraphs' depends on axioms: [propext, Classical.choice, Quot.sound]
info: OneY/TowerReconstruction.lean:95:0: 'OneY.TowerReconstruction.assemble_sequence' depends on axioms: [propext, Classical.choice, Quot.sound]
ℹ [1848/1873] Replayed OneY.Expansion
info: OneY/Expansion.lean:80:0: 'OneY.Numeric.expandedMountain' depends on axioms: [propext, Classical.choice, Quot.sound]
info: OneY/Expansion.lean:81:0: 'OneY.Numeric.expandValues_legal' depends on axioms: [propext, Classical.choice, Quot.sound]
ℹ [1849/1873] Replayed OneY.ExpansionProperties
info: OneY/ExpansionProperties.lean:102:0: 'OneY.Numeric.assemble_expandedGraphs_original' depends on axioms: [propext, Classical.choice, Quot.sound]
info: OneY/ExpansionProperties.lean:103:0: 'OneY.Numeric.expandValues_zero' depends on axioms: [propext, Classical.choice, Quot.sound]
ℹ [1850/1873] Replayed OneY.TowerCopyAssembly
info: OneY/TowerCopyAssembly.lean:73:0: 'OneY.Numeric.assemble_expanded_above' depends on axioms: [propext, Classical.choice, Quot.sound]
info: OneY/TowerCopyAssembly.lean:74:0: 'OneY.Numeric.assemble_expanded_active' depends on axioms: [propext, Classical.choice, Quot.sound]
info: OneY/TowerCopyAssembly.lean:75:0: 'OneY.Numeric.assemble_expanded_sequence_active' depends on axioms: [propext, Classical.choice, Quot.sound]
ℹ [1851/1873] Replayed OneY.Prefix
info: OneY/Prefix.lean:160:0: 'OneY.Numeric.Row.AgreesBelow.rows' depends on axioms: [propext, Quot.sound]
info: OneY/Prefix.lean:161:0: 'OneY.Numeric.Row.AgreesBelow.topValue' depends on axioms: [propext, Quot.sound]
info: OneY/Prefix.lean:162:0: 'OneY.Numeric.sequence_take_layers_agree' depends on axioms: [propext, Classical.choice, Quot.sound]
ℹ [1852/1873] Replayed OneY.TerminalTowerRebuild
info: OneY/TerminalTowerRebuild.lean:109:0: 'OneY.Numeric.badAtTerminalRooted_layers_mountain' depends on axioms: [propext, Classical.choice, Quot.sound]
info: OneY/TerminalTowerRebuild.lean:110:0: 'OneY.Numeric.reconstructedValues_active_zero_layers' depends on axioms: [propext, Classical.choice, Quot.sound]
info: OneY/TerminalTowerRebuild.lean:111:0: 'OneY.Numeric.reconstructedValues_active_zero_parent' depends on axioms: [propext, Classical.choice, Quot.sound]
ℹ [1853/1873] Replayed OneY.RootIndexed.Diagram
info: OneY/RootIndexed/Diagram.lean:93:0: 'OneY.RootIndexed.mountainDiagram' depends on axioms: [propext, Quot.sound]
info: OneY/RootIndexed/Diagram.lean:94:0: 'OneY.RootIndexed.diagram_relations_iff' depends on axioms: [propext, Quot.sound]
ℹ [1854/1873] Replayed OneY.RootIndexed.Prefix
info: OneY/RootIndexed/Prefix.lean:59:0: 'OneY.RootIndexed.sequenceDiagram_take_isPrefix' depends on axioms: [propext, Classical.choice, Quot.sound]
info: OneY/RootIndexed/Prefix.lean:60:0: 'OneY.RootIndexed.sequence_representation_take' depends on axioms: [propext, Classical.choice, Quot.sound]
ℹ [1855/1873] Replayed OneY.RootIndexed.CopyCoordinates
info: OneY/RootIndexed/CopyCoordinates.lean:99:0: 'OneY.RootIndexed.moveAtom_copyAtom' depends on axioms: [propext, Quot.sound]
ℹ [1856/1873] Replayed OneY.RootIndexed.TerminalRoots
info: OneY/RootIndexed/TerminalRoots.lean:59:0: 'OneY.TerminalCopy.Context.rootAt_low_last_lt_control' depends on axioms: [propext, Classical.choice, Quot.sound]
ℹ [1857/1873] Replayed OneY.RootIndexed.CopyDiagram
info: OneY/RootIndexed/CopyDiagram.lean:193:0: 'OneY.RootIndexed.copyControlRoot_le' depends on axioms: [propext, Classical.choice, Quot.sound]
info: OneY/RootIndexed/CopyDiagram.lean:194:0: 'OneY.RootIndexed.copyDiagram_initial_representation' depends on axioms: [propext, Classical.choice, Quot.sound]
info: OneY/RootIndexed/CopyDiagram.lean:195:0: 'OneY.RootIndexed.copyNeeds_levels' depends on axioms: [propext, Classical.choice, Quot.sound]
ℹ [1858/1873] Replayed OneY.ExpansionRebuildPrefix
info: OneY/ExpansionRebuildPrefix.lean:127:0: 'OneY.Numeric.expandValues_of_badRoot' depends on axioms: [propext, Classical.choice, Quot.sound]
info: OneY/ExpansionRebuildPrefix.lean:128:0: 'OneY.RootIndexed.reconstructedValues_diagram_isPrefix' depends on axioms: [propext, Classical.choice, Quot.sound]
info: OneY/ExpansionRebuildPrefix.lean:129:0: 'OneY.RootIndexed.reconstructedValues_active_zero_diagram_isPrefix' depends on axioms: [propext,
 Classical.choice,
 Quot.sound]
ℹ [1859/1873] Replayed OneY.ReconstructionComparisonPrefix
info: OneY/ReconstructionComparisonPrefix.lean:152:0: 'OneY.Reconstruction.numericRow_rows_agreesBelow' depends on axioms: [propext, Quot.sound]
info: OneY/ReconstructionComparisonPrefix.lean:153:0: 'OneY.Reconstruction.keyLEFrom_iff_value_le_prefix' depends on axioms: [propext, Classical.choice, Quot.sound]
ℹ [1860/1873] Replayed OneY.LowerCopyBadBlocker
info: OneY/LowerCopyBadBlocker.lean:294:0: 'OneY.LowerCopy.Context.parent_succ_rowCopy' depends on axioms: [propext, Quot.sound]
info: OneY/LowerCopyBadBlocker.lean:295:0: 'OneY.LowerCopy.Context.keyLE_succ_rowCopy' depends on axioms: [propext, Classical.choice, Quot.sound]
info: OneY/LowerCopyBadBlocker.lean:296:0: 'OneY.LowerCopy.Context.bad_blocker_path' depends on axioms: [propext, Classical.choice, Quot.sound]
info: OneY/LowerCopyBadBlocker.lean:297:0: 'OneY.LowerCopy.Context.restrictedParent_bad_copy_numeric' depends on axioms: [propext, Classical.choice, Quot.sound]
info: OneY/LowerCopyBadBlocker.lean:298:0: 'OneY.LowerCopy.Context.restrictedParent_reference' depends on axioms: [propext, Classical.choice, Quot.sound]
ℹ [1861/1873] Replayed OneY.LowerCopyCanonical
info: OneY/LowerCopyCanonical.lean:193:0: 'OneY.LowerCopy.Context.restrictedParent_source_next_numeric' depends on axioms: [propext, Classical.choice, Quot.sound]
info: OneY/LowerCopyCanonical.lean:194:0: 'OneY.LowerCopy.Context.restrictedParent_copied_some_numeric' depends on axioms: [propext, Classical.choice, Quot.sound]
info: OneY/LowerCopyCanonical.lean:195:0: 'OneY.LowerCopy.Context.restrictedParent_next_of_higher_prefix' depends on axioms: [propext,
 Classical.choice,
 Quot.sound]
info: OneY/LowerCopyCanonical.lean:196:0: 'OneY.LowerCopy.Context.restrictedParent_next_numeric' depends on axioms: [propext, Classical.choice, Quot.sound]
info: OneY/LowerCopyCanonical.lean:197:0: 'OneY.LowerCopy.Context.restrictedParent_next_numeric_of_extracted' depends on axioms: [propext,
 Classical.choice,
 Quot.sound]
ℹ [1862/1873] Replayed OneY.LowerCopyBottom
info: OneY/LowerCopyBottom.lean:98:0: 'OneY.LowerCopy.Context.zero_forest_eq_frameCopy' depends on axioms: [propext, Classical.choice, Quot.sound]
info: OneY/LowerCopyBottom.lean:99:0: 'OneY.LowerCopy.Context.zero_refines_frameCopy' depends on axioms: [propext, Classical.choice, Quot.sound]
info: OneY/LowerCopyBottom.lean:100:0: 'OneY.LowerCopy.Context.keyLE_bottom_parent' depends on axioms: [propext, Classical.choice, Quot.sound]
ℹ [1863/1873] Replayed OneY.LowerCopyBottomRecovery
info: OneY/LowerCopyBottomRecovery.lean:292:0: 'OneY.LowerCopy.Context.bottom_value_le_copy_of_common_parent' depends on axioms: [propext,
 Classical.choice,
 Quot.sound]
info: OneY/LowerCopyBottomRecovery.lean:293:0: 'OneY.LowerCopy.Context.restrictedParent_bottom_bad_of_blocker' depends on axioms: [propext,
 Classical.choice,
 Quot.sound]
info: OneY/LowerCopyBottomRecovery.lean:294:0: 'OneY.LowerCopy.Context.restrictedParent_bottom_good_of_blocker' depends on axioms: [propext,
 Classical.choice,
 Quot.sound]
info: OneY/LowerCopyBottomRecovery.lean:295:0: 'OneY.LowerCopy.Context.restrictedParent_bottom_some' depends on axioms: [propext, Classical.choice, Quot.sound]
info: OneY/LowerCopyBottomRecovery.lean:296:0: 'OneY.LowerCopy.Context.restrictedParent_bottom_none' depends on axioms: [propext, Classical.choice, Quot.sound]
info: OneY/LowerCopyBottomRecovery.lean:297:0: 'OneY.LowerCopy.Context.restrictedParent_bottom_numeric' depends on axioms: [propext, Classical.choice, Quot.sound]
ℹ [1864/1873] Replayed OneY.LowerCopyTransport
info: OneY/LowerCopyTransport.lean:132:0: 'OneY.LowerCopy.Context.value_copy_of_good_base_parent' depends on axioms: [propext, Classical.choice, Quot.sound]
info: OneY/LowerCopyTransport.lean:133:0: 'OneY.LowerCopy.Context.depth_zero_lt_copy_of_common_frame' depends on axioms: [propext, Classical.choice, Quot.sound]
info: OneY/LowerCopyTransport.lean:134:0: 'OneY.LowerCopy.Context.value_copy_le_of_common_frame' depends on axioms: [propext, Classical.choice, Quot.sound]
ℹ [1865/1873] Replayed OneY.LowerCopyTopForest
info: OneY/LowerCopyTopForest.lean:58:0: 'OneY.LowerCopy.Context.topForest_parent_encode' depends on axioms: [propext, Classical.choice, Quot.sound]
info: OneY/LowerCopyTopForest.lean:59:0: 'OneY.LowerCopy.Context.topForest_eq_frameCopy' depends on axioms: [propext, Classical.choice, Quot.sound]
ℹ [1866/1873] Replayed OneY.LowerCopyRebuild
info: OneY/LowerCopyRebuild.lean:113:0: 'OneY.LowerCopy.Context.copiedBase_mountain' depends on axioms: [propext, Classical.choice, Quot.sound]
info: OneY/LowerCopyRebuild.lean:114:0: 'OneY.LowerCopy.Context.copiedBase_rawExtract' depends on axioms: [propext, Classical.choice, Quot.sound]
info: OneY/LowerCopyRebuild.lean:115:0: 'OneY.LowerCopy.Context.copiedBase_rootsOne' depends on axioms: [propext, Classical.choice, Quot.sound]
ℹ [1868/2015] Replayed OneY.LowerCopyLayerTransport
info: OneY/LowerCopyLayerTransport.lean:34:0: 'OneY.Numeric.badAtLowerCopiedBase_upperFixed' depends on axioms: [propext, Classical.choice, Quot.sound]
info: OneY/LowerCopyLayerTransport.lean:35:0: 'OneY.Numeric.badAtLowerCopiedBase_upperOrder' depends on axioms: [propext, Classical.choice, Quot.sound]
ℹ [1869/2015] Replayed OneY.LowerCopyPseudoSeam
info: OneY/LowerCopyPseudoSeam.lean:72:0: 'OneY.LowerCopy.Context.seam_intermediate_height' depends on axioms: [propext, Classical.choice, Quot.sound]
info: OneY/LowerCopyPseudoSeam.lean:73:0: 'OneY.LowerCopy.Context.seam_intermediate_height_numeric' depends on axioms: [propext, Classical.choice, Quot.sound]
ℹ [1870/2015] Replayed OneY.LowerCopyPseudoHigh
info: OneY/LowerCopyPseudoHigh.lean:109:0: 'OneY.LowerCopy.Context.lifted_ancestor_preimage' depends on axioms: [propext, Classical.choice, Quot.sound]
info: OneY/LowerCopyPseudoHigh.lean:110:0: 'OneY.LowerCopy.Context.pseudo_parent_lifted' depends on axioms: [propext, Classical.choice, Quot.sound]
ℹ [1871/2015] Replayed OneY.LowerCopyPseudoOutside
info: OneY/LowerCopyPseudoOutside.lean:107:0: 'OneY.LowerCopy.Context.outside_ancestor_preimage' depends on axioms: [propext, Classical.choice, Quot.sound]
info: OneY/LowerCopyPseudoOutside.lean:108:0: 'OneY.LowerCopy.Context.pseudo_parent_outside_high' depends on axioms: [propext, Classical.choice, Quot.sound]
⚠ [1872/2015] Replayed OneY.FirstMatch
warning: OneY/FirstMatch.lean:66:30: This simp argument is unused:
  ↓reduceIte

Hint: Omit it from the simp argument list.
  [apply] simp only [hTest] at hp

Note: This linter can be disabled with `set_option linter.unusedSimpArgs false`
info: OneY/FirstMatch.lean:114:0: 'OneY.ParentForest.firstMatch_skipTo' depends on axioms: [propext, Quot.sound]
info: OneY/FirstMatch.lean:115:0: 'OneY.Pseudo.parent_eq_firstMatch' depends on axioms: [propext, Classical.choice, Quot.sound]
ℹ [1873/2015] Replayed OneY.LowerCopyPseudoLow
info: OneY/LowerCopyPseudoLow.lean:163:0: 'OneY.LowerCopy.Context.firstMatch_copy_low' depends on axioms: [propext, Classical.choice, Quot.sound]
info: OneY/LowerCopyPseudoLow.lean:164:0: 'OneY.LowerCopy.Context.pseudo_parent_low' depends on axioms: [propext, Classical.choice, Quot.sound]
ℹ [1874/2015] Replayed OneY.SingleContraction
info: OneY/SingleContraction.lean:73:0: 'OneY.Numeric.select_eq_single_contraction' depends on axioms: [propext, Classical.choice, Quot.sound]
ℹ [1875/2015] Replayed OneY.LowerCopyPseudo
info: OneY/LowerCopyPseudo.lean:134:0: 'OneY.LowerCopy.Context.pseudo_parent_parentCopy' depends on axioms: [propext, Classical.choice, Quot.sound]
info: OneY/LowerCopyPseudo.lean:135:0: 'OneY.LowerCopy.Context.pseudo_select_eq_frameCopy' depends on axioms: [propext, Classical.choice, Quot.sound]
ℹ [1876/2015] Replayed OneY.LowerCopyTopBound
info: OneY/LowerCopyTopBound.lean:88:0: 'OneY.LowerCopy.Context.contractedSelectionGood_of_upper_transport' depends on axioms: [propext,
 Classical.choice,
 Quot.sound]
info: OneY/LowerCopyTopBound.lean:89:0: 'OneY.LowerCopy.Context.extractedHeightDecrease_of_upper_selections' depends on axioms: [propext,
 Classical.choice,
 Quot.sound]
info: OneY/LowerCopyTopBound.lean:90:0: 'OneY.LowerCopy.Context.pseudoTopBound_of_upper_selections' depends on axioms: [propext, Classical.choice, Quot.sound]
ℹ [1877/2015] Replayed OneY.LowerCopyLayerTopBound
info: OneY/LowerCopyLayerTopBound.lean:76:0: 'OneY.Numeric.badAtTerminalBase_lowerTopBound' depends on axioms: [propext, Classical.choice, Quot.sound]
info: OneY/LowerCopyLayerTopBound.lean:77:0: 'OneY.Numeric.badAtLowerCopiedBase_lowerTopBound' depends on axioms: [propext, Classical.choice, Quot.sound]
ℹ [1878/2015] Replayed OneY.LowerTowerInputs
info: OneY/LowerTowerInputs.lean:138:0: 'OneY.Numeric.lowerTower_prefix_and_inputs' depends on axioms: [propext, Classical.choice, Quot.sound]
info: OneY/LowerTowerInputs.lean:139:0: 'OneY.Numeric.lowerTower_inputs' depends on axioms: [propext, Classical.choice, Quot.sound]
ℹ [1879/2015] Replayed OneY.LowerTowerRebuild
info: OneY/LowerTowerRebuild.lean:175:0: 'OneY.Numeric.lowerTowerBase_rawExtract_next' depends on axioms: [propext, Classical.choice, Quot.sound]
info: OneY/LowerTowerRebuild.lean:176:0: 'OneY.Numeric.lowerTowerRooted_layers_mountain' depends on axioms: [propext, Classical.choice, Quot.sound]
info: OneY/LowerTowerRebuild.lean:177:0: 'OneY.Numeric.lowerTowerRooted_select_linear' depends on axioms: [propext, Classical.choice, Quot.sound]
info: OneY/LowerTowerRebuild.lean:178:0: 'OneY.Numeric.assemble_expanded_sequence_lower' depends on axioms: [propext, Classical.choice, Quot.sound]
ℹ [1880/2015] Replayed OneY.ExpansionCanonical
info: OneY/ExpansionCanonical.lean:131:0: 'OneY.Numeric.expandValues_layers_of_badRoot' depends on axioms: [propext, Classical.choice, Quot.sound]
info: OneY/ExpansionCanonical.lean:132:0: 'OneY.Numeric.expandValues_height_of_badRoot' depends on axioms: [propext, Classical.choice, Quot.sound]
info: OneY/ExpansionCanonical.lean:133:0: 'OneY.Numeric.expandValues_parent_of_badRoot' depends on axioms: [propext, Classical.choice, Quot.sound]
info: OneY/ExpansionCanonical.lean:134:0: 'OneY.RootIndexed.expandValues_diagram_of_badRoot' depends on axioms: [propext, Classical.choice, Quot.sound]
info: OneY/ExpansionCanonical.lean:135:0: 'OneY.RootIndexed.expandValues_representation_of_badRoot' depends on axioms: [propext, Classical.choice, Quot.sound]
ℹ [1881/2015] Replayed OneY.RootIndexed.LowerAtoms
info: OneY/RootIndexed/LowerAtoms.lean:99:0: 'OneY.RootIndexed.lower_rowAtom_source' depends on axioms: [propext, Classical.choice, Quot.sound]
info: OneY/RootIndexed/LowerAtoms.lean:100:0: 'OneY.RootIndexed.copiedFrom_copyCase' depends on axioms: [propext, Quot.sound]
ℹ [1882/2015] Replayed OneY.RootIndexed.VirtualNeeds
info: OneY/RootIndexed/VirtualNeeds.lean:83:0: 'OneY.RootIndexed.copyNeeds_virtual' depends on axioms: [propext, Classical.choice, Quot.sound]
ℹ [1883/2015] Replayed OneY.RootIndexed.OrdinaryAtoms
info: OneY/RootIndexed/OrdinaryAtoms.lean:59:0: 'OneY.RootIndexed.ordinary_rowAtom_source' depends on axioms: [propext, Quot.sound]
info: OneY/RootIndexed/OrdinaryAtoms.lean:60:0: 'OneY.RootIndexed.terminal_rowAtom_source' depends on axioms: [propext, Classical.choice, Quot.sound]
ℹ [1884/2015] Replayed OneY.RootIndexed.SpliceGeometry
info: OneY/RootIndexed/SpliceGeometry.lean:127:0: 'OneY.RootIndexed.actual_splice_geometry' depends on axioms: [propext, Classical.choice, Quot.sound]
ℹ [1885/2015] Replayed OneY.RootIndexed.ActualScheme
info: OneY/RootIndexed/ActualScheme.lean:109:0: 'OneY.RootIndexed.actualBlockScheme' depends on axioms: [propext, Classical.choice, Quot.sound]
info: OneY/RootIndexed/ActualScheme.lean:110:0: 'OneY.RootIndexed.copied_diagrams_bounded' depends on axioms: [propext, Classical.choice, Quot.sound]
ℹ [1887/2015] Replayed OneYTruth.SchemaTests
info: OneYTruth/SchemaTests.lean:100:0: 'OneYTruth.SchemaTests.queryTests_subset_iff' depends on axioms: [propext, Classical.choice, Quot.sound]
info: OneYTruth/SchemaTests.lean:101:0: 'OneYTruth.SchemaTests.realize_check_iff_schemas' depends on axioms: [propext, Classical.choice, Quot.sound]
ℹ [1888/2015] Replayed OneYTruth.AdequacyTests
info: OneYTruth/AdequacyTests.lean:108:0: 'OneYTruth.AdequacyTests.adequate_iff_tests' depends on axioms: [propext, Classical.choice, Quot.sound]
info: OneYTruth/AdequacyTests.lean:109:0: 'OneYTruth.AdequacyTests.realize_check_iff_adequate' depends on axioms: [propext, Classical.choice, Quot.sound]
ℹ [1889/2015] Replayed OneYTruth.SchemaBundle
info: OneYTruth/SchemaBundle.lean:125:0: 'OneYTruth.SchemaBundle.realize_iff_adequate' depends on axioms: [propext, Classical.choice, Quot.sound]
ℹ [1891/2015] Replayed OneYTruth.DirectAdequacy
info: OneYTruth/DirectAdequacy.lean:68:0: 'OneYTruth.DirectAdequacy.mixedFormula_isDeltaZero' depends on axioms: [propext, Quot.sound]
info: OneYTruth/DirectAdequacy.lean:69:0: 'OneYTruth.DirectAdequacy.realize_iff_adequate' depends on axioms: [propext, Classical.choice, Quot.sound]
ℹ [1892/2015] Replayed OneYTruth.InternalIterationHistory
info: OneYTruth/InternalIterationHistory.lean:168:0: 'OneYTruth.InternalIteration.IsHistory.value_eq_iterate' depends on axioms: [propext, Classical.choice, Quot.sound]
info: OneYTruth/InternalIterationHistory.lean:169:0: 'OneYTruth.InternalIteration.satisfies_historyAt' depends on axioms: [propext, Classical.choice, Quot.sound]
ℹ [1893/2015] Replayed OneYTruth.InternalIterationFamily
info: OneYTruth/InternalIterationFamily.lean:142:0: 'OneYTruth.InternalIteration.family_mem' depends on axioms: [propext, Classical.choice, Quot.sound]
info: OneYTruth/InternalIterationFamily.lean:143:0: 'OneYTruth.InternalIteration.queryAt_isSigmaOne' depends on axioms: [propext, Quot.sound]
⚠ [1894/2015] Replayed OneYTruth.ScopeSyntax
warning: OneYTruth/ScopeSyntax.lean:81:2: 'congr 1' tactic does nothing

Note: This linter can be disabled with `set_option linter.unusedTactic false`
⚠ [1898/2015] Replayed OneYTruth.TowerRestrictionCertificate
warning: OneYTruth/TowerRestrictionCertificate.lean:22:84: This simp argument is unused:
  snoc_castSucc

Hint: Omit it from the simp argument list.
  [apply] simp only [predicate, Satisfies, satisfies_componentEqAt, satisfies_rename, snoc_last]

Note: This linter can be disabled with `set_option linter.unusedSimpArgs false`
ℹ [1899/2015] Replayed OneYTruth.PureFOSchemas
info: OneYTruth/PureFOSchemas.lean:70:0: 'OneYTruth.RootSemantics.Adequate.pureFOSchemas' depends on axioms: [propext, Classical.choice, Quot.sound]
ℹ [1900/2015] Replayed OneYTruth.InternalStageDomain
info: OneYTruth/InternalStageDomain.lean:88:0: 'OneYTruth.ExternalTower.stageLocalDomain_mem_of_adequate' depends on axioms: [propext, Classical.choice, Quot.sound]
ℹ [1903/2015] Replayed OneYTruth.SigmaNodeCertificate
info: OneYTruth/SigmaNodeCertificate.lean:81:0: 'OneYTruth.SigmaNodeCertificate.sigmaNodes_eq_sep' depends on axioms: [propext, Classical.choice, Quot.sound]
info: OneYTruth/SigmaNodeCertificate.lean:82:0: 'OneYTruth.SigmaNodeCertificate.realize_iff_canonical' depends on axioms: [propext, Classical.choice, Quot.sound]
info: OneYTruth/SigmaNodeCertificate.lean:83:0: 'OneYTruth.SigmaNodeCertificate.mixedFormula_isDeltaZero' depends on axioms: [propext, Quot.sound]
ℹ [1905/2015] Replayed OneYTruth.SchemaBundleProjection
info: OneYTruth/SchemaBundleProjection.lean:164:0: 'OneYTruth.SchemaBundleProjection.satisfies_iff_canonical' depends on axioms: [propext, Classical.choice, Quot.sound]
ℹ [1906/2015] Replayed OneY.RootIndexed.ExpansionWellFounded
info: OneY/RootIndexed/ExpansionWellFounded.lean:155:0: 'OneY.RootIndexed.expand_lastRepresentation_lower' depends on axioms: [propext, Classical.choice, Quot.sound]
info: OneY/RootIndexed/ExpansionWellFounded.lean:156:0: 'OneY.RootIndexed.actual_expansion_wellFounded' depends on axioms: [propext, Classical.choice, Quot.sound]
ℹ [1907/2015] Replayed OneYTruth.ActualExpansion
info: OneYTruth/ActualExpansion.lean:33:0: 'OneYTruth.RootSemantics.actual_expansion_wellFounded' depends on axioms: [propext, Classical.choice, Quot.sound]
ℹ [1908/2015] Replayed OneY.ExpansionOrder
info: OneY/ExpansionOrder.lean:165:0: 'OneY.Numeric.lowerTowerValues_first_seam_succ' depends on axioms: [propext, Classical.choice, Quot.sound]
info: OneY/ExpansionOrder.lean:166:0: 'OneY.Numeric.expandValues_nested_take' depends on axioms: [propext, Classical.choice, Quot.sound]
info: OneY/ExpansionOrder.lean:167:0: 'OneY.Numeric.expandValues_first_seam_succ' depends on axioms: [propext, Classical.choice, Quot.sound]
info: OneY/ExpansionOrder.lean:168:0: 'OneY.Numeric.expandValues_lt' depends on axioms: [propext, Classical.choice, Quot.sound]
ℹ [1909/2015] Replayed OneY.Dynamics
info: OneY/Dynamics.lean:295:0: 'OneY.Numeric.path_endpoints_comparable' depends on axioms: [propext, Classical.choice, Quot.sound]
info: OneY/Dynamics.lean:296:0: 'OneY.Numeric.descendants_exprLt_iff' depends on axioms: [propext, Classical.choice, Quot.sound]
info: OneY/Dynamics.lean:297:0: 'OneY.Numeric.descendants_wellFounded' depends on axioms: [propext, Classical.choice, Quot.sound]
info: OneY/Dynamics.lean:298:0: 'OneY.Numeric.expand_seed_succ' depends on axioms: [propext, Classical.choice, Quot.sound]
info: OneY/Dynamics.lean:299:0: 'OneY.Numeric.generated_strictWellOrder' depends on axioms: [propext, Classical.choice, Quot.sound]
info: OneY/Dynamics.lean:300:0: 'OneY.Numeric.expansion_chain_reaches_empty' depends on axioms: [propext, Classical.choice, Quot.sound]
ℹ [1910/2015] Replayed OneYTruth.ActualDynamics
info: OneYTruth/ActualDynamics.lean:31:0: 'OneYTruth.RootSemantics.actual_generated_strictWellOrder' depends on axioms: [propext, Classical.choice, Quot.sound]
info: OneYTruth/ActualDynamics.lean:32:0: 'OneYTruth.RootSemantics.actual_expansion_chain_reaches_empty' depends on axioms: [propext,
 Classical.choice,
 Quot.sound]
ℹ [1911/2015] Replayed OneYTruth.IterationFamilyCertificate
info: OneYTruth/IterationFamilyCertificate.lean:91:0: 'OneYTruth.InternalIteration.IsFamilyCertificate.family_eq' depends on axioms: [propext, Classical.choice, Quot.sound]
info: OneYTruth/IterationFamilyCertificate.lean:92:0: 'OneYTruth.InternalIteration.satisfies_familyCertificateAt' depends on axioms: [propext, Classical.choice, Quot.sound]
ℹ [1913/2015] Replayed OneYTruth.InternalFullHistory
info: OneYTruth/InternalFullHistory.lean:131:0: 'OneYTruth.InternalIteration.fullHistory_mem' depends on axioms: [propext, Classical.choice, Quot.sound]
info: OneYTruth/InternalFullHistory.lean:132:0: 'OneYTruth.InternalIteration.exists_internal_familyCertificate' depends on axioms: [propext,
 Classical.choice,
 Quot.sound]
ℹ [1915/2015] Replayed OneYTruth.InternalUniformIteration
info: OneYTruth/InternalUniformIteration.lean:65:0: 'OneYTruth.InternalIteration.uniformUnion_mem' depends on axioms: [propext, Classical.choice, Quot.sound]
ℹ [1916/2015] Replayed OneYTruth.InternalCodeUniverse
info: OneYTruth/InternalCodeUniverse.lean:65:0: 'OneYTruth.InternalCodeUniverse.codeUniverse_mem' depends on axioms: [propext, Classical.choice, Quot.sound]
info: OneYTruth/InternalCodeUniverse.lean:66:0: 'OneYTruth.InternalCodeUniverse.listCodes_mem' depends on axioms: [propext, Classical.choice, Quot.sound]
ℹ [1918/2015] Replayed OneYTruth.InternalBoundedIteration
info: OneYTruth/InternalBoundedIteration.lean:115:0: 'OneYTruth.InternalBoundedIteration.allStages_mem' depends on axioms: [propext, Classical.choice, Quot.sound]
ℹ [1919/2015] Replayed OneYTruth.AssignmentGrammar
info: OneYTruth/AssignmentGrammar.lean:162:0: 'OneYTruth.AssignmentGrammar.allStages_eq_sequenceCodes' depends on axioms: [propext, Classical.choice, Quot.sound]
info: OneYTruth/AssignmentGrammar.lean:163:0: 'OneYTruth.AssignmentGrammar.assignmentCodes_mem' depends on axioms: [propext, Classical.choice, Quot.sound]
ℹ [1920/2015] Replayed OneYTruth.BoundedGrammarCertificate
info: OneYTruth/BoundedGrammarCertificate.lean:57:0: 'OneYTruth.InternalBoundedIteration.realize_grammarQueryAt_iff' depends on axioms: [propext,
 Classical.choice,
 Quot.sound]
ℹ [1924/2015] Replayed OneYTruth.InternalSyntaxCodes
info: OneYTruth/InternalSyntaxCodes.lean:80:0: 'OneYTruth.InternalSyntaxCodes.syntaxCodes_mem' depends on axioms: [propext, Classical.choice, Quot.sound]
info: OneYTruth/InternalSyntaxCodes.lean:81:0: 'OneYTruth.InternalSyntaxCodes.sigmaCodes_mem' depends on axioms: [propext, Classical.choice, Quot.sound]
ℹ [1925/2015] Replayed OneYTruth.SyntaxCertificates
info: OneYTruth/SyntaxCertificates.lean:151:0: 'OneYTruth.SyntaxCertificates.syntaxQuery_sound' depends on axioms: [propext, Classical.choice, Quot.sound]
info: OneYTruth/SyntaxCertificates.lean:152:0: 'OneYTruth.SyntaxCertificates.sigmaQuery_sound' depends on axioms: [propext, Classical.choice, Quot.sound]
info: OneYTruth/SyntaxCertificates.lean:153:0: 'OneYTruth.SyntaxCertificates.realize_sigmaQuery_iff' depends on axioms: [propext, Classical.choice, Quot.sound]
info: OneYTruth/SyntaxCertificates.lean:154:0: 'OneYTruth.SyntaxCertificates.sigmaQuery_isSigmaOne' depends on axioms: [propext, Quot.sound]
ℹ [1928/2015] Replayed OneYTruth.InternalRecursionEnvironment
info: OneYTruth/InternalRecursionEnvironment.lean:66:0: 'OneYTruth.ExternalTower.recursionEnvironment_of_adequate' depends on axioms: [propext, Classical.choice, Quot.sound]
ℹ [1929/2015] Replayed OneYTruth.InternalLocalSolutionFormula
info: OneYTruth/InternalLocalSolutionFormula.lean:43:0: 'OneYTruth.ExternalTower.satisfies_localSolutionFormula_carrier_iff' depends on axioms: [propext,
 Classical.choice,
 Quot.sound]
ℹ [1930/2015] Replayed OneYTruth.InternalStagePresentation
info: OneYTruth/InternalStagePresentation.lean:147:0: 'OneYTruth.ExternalTower.InternalStagePresentation.localDomain_exact' depends on axioms: [propext,
 Classical.choice,
 Quot.sound]
ℹ [1932/2015] Replayed OneYTruth.InternalStageRecursion
info: OneYTruth/InternalStageRecursion.lean:221:0: 'OneYTruth.ExternalTower.InternalStagePresentation.stageLocalGraph_mem' depends on axioms: [propext,
 Classical.choice,
 Quot.sound]
info: OneYTruth/InternalStageRecursion.lean:222:0: 'OneYTruth.ExternalTower.InternalStagePresentation.stageGraph_mem' depends on axioms: [propext,
 Classical.choice,
 Quot.sound]
ℹ [1933/2015] Replayed OneYTruth.InternalStageStepFormula
info: OneYTruth/InternalStageStepFormula.lean:107:0: 'OneYTruth.ExternalTower.graph_mem_of_internal_stepFormula' depends on axioms: [propext, Classical.choice, Quot.sound]
ℹ [1935/2015] Replayed OneYTruth.PureDefFormula
info: OneYTruth/PureDefFormula.lean:109:0: 'OneYTruth.PureDefCertificate.mixedFormula_isDeltaZero' depends on axioms: [propext, Quot.sound]
info: OneYTruth/PureDefFormula.lean:110:0: 'OneYTruth.PureDefCertificate.realize_formula_iff_DefZF' depends on axioms: [propext, Classical.choice, Quot.sound]
ℹ [1937/2015] Replayed OneYTruth.PureSigmaBounded
info: OneYTruth/PureSigmaBounded.lean:109:0: 'OneYTruth.PureSigmaBounded.exists_certificate' depends on axioms: [propext, Classical.choice, Quot.sound]
ℹ [1938/2015] Replayed OneYTruth.PureSchemaRestriction
info: OneYTruth/PureSchemaRestriction.lean:45:0: 'OneYTruth.PureSchemaRestriction.collection' depends on axioms: [propext, Classical.choice, Quot.sound]
ℹ [1939/2015] Replayed OneYTruth.InternalSourceSets
info: OneYTruth/InternalSourceSets.lean:73:0: 'OneYTruth.InternalSourceSets.sourceSets_mem_LStageZF' depends on axioms: [propext, Classical.choice, Quot.sound]
ℹ [1941/2015] Replayed OneYTruth.FiniteLabelAssembly
info: OneYTruth/FiniteLabelAssembly.lean:119:0: 'OneYTruth.FiniteLabelAssembly.representation_of_finite' depends on axioms: [propext, Classical.choice, Quot.sound]
ℹ [1942/2015] Replayed OneYTruth.FiniteTupleDecoding
info: OneYTruth/FiniteTupleDecoding.lean:77:0: 'OneYTruth.FiniteLabelAssembly.assemble_from_carrier_tuple' depends on axioms: [propext, Classical.choice, Quot.sound]
ℹ [1943/2015] Replayed OneYTruth.FiniteDiagramMatrix
info: OneYTruth/FiniteDiagramMatrix.lean:91:0: 'OneYTruth.FiniteLabelAssembly.realize_diagramFormula' depends on axioms: [propext, Classical.choice, Quot.sound]
ℹ [1944/2015] Replayed OneYTruth.FiniteAmbientTuple
info: OneYTruth/FiniteAmbientTuple.lean:72:0: 'OneYTruth.FiniteLabelAssembly.ambientTuple_facts' depends on axioms: [propext, Classical.choice, Quot.sound]
ℹ [1945/2015] Replayed OneYTruth.FiniteTupleSplit
info: OneYTruth/FiniteTupleSplit.lean:77:0: 'OneYTruth.FiniteLabelAssembly.reflect_tuple' depends on axioms: [propext, Classical.choice, Quot.sound]
⚠ [1946/2015] Replayed OneYTruth.FiniteMetadataLayout
warning: OneYTruth/FiniteMetadataLayout.lean:33:10: This simp argument is unused:
  Function.comp_def

Hint: Omit it from the simp argument list.
  [apply] simp [labelSlots, fullAmbient, ambientTuple]

Note: This linter can be disabled with `set_option linter.unusedSimpArgs false`
warning: OneYTruth/FiniteMetadataLayout.lean:34:10: This simp argument is unused:
  Function.comp_def

Hint: Omit it from the simp argument list.
  [apply] simp [labelSlots, fullAmbient, ambientTuple]

Note: This linter can be disabled with `set_option linter.unusedSimpArgs false`
info: OneYTruth/FiniteMetadataLayout.lean:90:0: 'OneYTruth.FiniteLabelAssembly.fullAmbient_prefix' depends on axioms: [propext, Classical.choice, Quot.sound]
info: OneYTruth/FiniteMetadataLayout.lean:91:0: 'OneYTruth.FiniteLabelAssembly.fixed_full_label' depends on axioms: [propext, Classical.choice, Quot.sound]
ℹ [1947/2015] Replayed OneYTruth.FiniteQuerySemantics
info: OneYTruth/FiniteQuerySemantics.lean:83:0: 'OneYTruth.FiniteLabelAssembly.QuerySound.decode' depends on axioms: [propext, Classical.choice, Quot.sound]
ℹ [1948/2015] Replayed OneYTruth.AssignmentCertificate
info: OneYTruth/AssignmentCertificate.lean:73:0: 'OneYTruth.AssignmentGrammar.realize_assignmentQuery_iff' depends on axioms: [propext, Classical.choice, Quot.sound]
info: OneYTruth/AssignmentCertificate.lean:74:0: 'OneYTruth.AssignmentGrammar.assignmentQuery_isSigmaOne' depends on axioms: [propext, Quot.sound]
info: OneYTruth/AssignmentCertificate.lean:75:0: 'OneYTruth.AssignmentGrammar.assignmentQuery_sound' depends on axioms: [propext, Classical.choice, Quot.sound]
ℹ [1956/2015] Replayed OneYTruth.InternalAssignmentLookup
info: OneYTruth/InternalAssignmentLookup.lean:122:0: 'OneYTruth.AssignmentLookup.lookupSet_mem_LStageZF' depends on axioms: [propext, Classical.choice, Quot.sound]
info: OneYTruth/InternalAssignmentLookup.lean:123:0: 'OneYTruth.AssignmentLookup.realize_lookupQuery_iff' depends on axioms: [propext, Classical.choice, Quot.sound]
info: OneYTruth/InternalAssignmentLookup.lean:124:0: 'OneYTruth.AssignmentLookup.lookupQuery_isSigmaOne' depends on axioms: [propext, Quot.sound]
info: OneYTruth/InternalAssignmentLookup.lean:125:0: 'OneYTruth.AssignmentLookup.lookupQuery_sound' depends on axioms: [propext, Classical.choice, Quot.sound]
⚠ [1960/2015] Replayed OneYTruth.TowerSigmaSemantics
warning: OneYTruth/TowerSigmaSemantics.lean:52:42: This simp argument is unused:
  snoc_last

Hint: Omit it from the simp argument list.
  [apply] simp only [matrix, Satisfies, satisfies_successorAt, satisfies_productAt, satisfies_coversAt,
    satisfies_boundedAll, satisfies_rename, snoc_castSucc]

Note: This linter can be disabled with `set_option linter.unusedSimpArgs false`
warning: OneYTruth/TowerSigmaSemantics.lean:52:52: This simp argument is unused:
  snoc_castSucc

Hint: Omit it from the simp argument list.
  [apply] simp only [matrix, Satisfies, satisfies_successorAt, satisfies_productAt, satisfies_coversAt,
    satisfies_boundedAll, satisfies_rename, snoc_last]

Note: This linter can be disabled with `set_option linter.unusedSimpArgs false`
ℹ [1962/2015] Replayed OneYTruth.ActualInternalTower
info: OneYTruth/ActualInternalTower.lean:65:0: 'OneYTruth.ExternalTower.graph_mem_of_adequate' depends on axioms: [propext, Classical.choice, Quot.sound]
ℹ [1963/2015] Replayed OneYTruth.InternalUniformTower
info: OneYTruth/InternalUniformTower.lean:62:0: 'OneYTruth.ExternalTower.uniformSet_mem_of_adequate' depends on axioms: [propext, Classical.choice, Quot.sound]
ℹ [1964/2015] Replayed OneYTruth.InternalGraphRestrictions
info: OneYTruth/InternalGraphRestrictions.lean:75:0: 'OneYTruth.ExternalTower.predecessorGraph_mem_of_adequate' depends on axioms: [propext, Classical.choice, Quot.sound]
⚠ [1965/2015] Replayed OneYTruth.TowerSigmaSoundness
warning: OneYTruth/TowerSigmaSoundness.lean:26:20: `Ordinal.toZFSet_succ` has been deprecated: Use `Ordinal.toZFSet_add_one` instead

Note: The updated constant has a different type:
  ∀ (o : Ordinal.{u_1}), (o + 1).toZFSet = insert o.toZFSet o.toZFSet
instead of
  ∀ (o : Ordinal.{u_1}), (Order.succ o).toZFSet = insert o.toZFSet o.toZFSet
ℹ [1966/2015] Replayed OneYTruth.LookupSourceCertificate
info: OneYTruth/LookupSourceCertificate.lean:129:0: 'OneYTruth.LookupSourceCertificate.query_sound' depends on axioms: [propext, Classical.choice, Quot.sound]
info: OneYTruth/LookupSourceCertificate.lean:130:0: 'OneYTruth.LookupSourceCertificate.realize_query_iff' depends on axioms: [propext, Classical.choice, Quot.sound]
info: OneYTruth/LookupSourceCertificate.lean:131:0: 'OneYTruth.LookupSourceCertificate.query_isSigmaOne' depends on axioms: [propext, Classical.choice, Quot.sound]
ℹ [1967/2015] Replayed OneYTruth.FixedTowerSources
info: OneYTruth/FixedTowerSources.lean:112:0: 'OneYTruth.FixedTowerSources.query_sound' depends on axioms: [propext, Classical.choice, Quot.sound]
info: OneYTruth/FixedTowerSources.lean:113:0: 'OneYTruth.FixedTowerSources.actual_query' depends on axioms: [propext, Classical.choice, Quot.sound]
ℹ [1968/2015] Replayed OneYTruth.OrdinalStageHistory
info: OneYTruth/OrdinalStageHistory.lean:154:0: 'OneYTruth.OrdinalStageHistory.Checks.eq_canonical' depends on axioms: [propext, Classical.choice, Quot.sound]
info: OneYTruth/OrdinalStageHistory.lean:155:0: 'OneYTruth.OrdinalStageHistory.canonical_mem_of_adequate' depends on axioms: [propext, Classical.choice, Quot.sound]
ℹ [1969/2015] Replayed OneYTruth.SigmaGrammarSourceCertificate
info: OneYTruth/SigmaGrammarSourceCertificate.lean:154:0: 'OneYTruth.SigmaGrammarSourceCertificate.query_sound' depends on axioms: [propext, Classical.choice, Quot.sound]
info: OneYTruth/SigmaGrammarSourceCertificate.lean:155:0: 'OneYTruth.SigmaGrammarSourceCertificate.realize_query_iff' depends on axioms: [propext, Classical.choice, Quot.sound]
info: OneYTruth/SigmaGrammarSourceCertificate.lean:156:0: 'OneYTruth.SigmaGrammarSourceCertificate.query_isSigmaOne' depends on axioms: [propext, Classical.choice, Quot.sound]
ℹ [1970/2015] Replayed OneYTruth.SyntaxSourceCertificate
info: OneYTruth/SyntaxSourceCertificate.lean:195:0: 'OneYTruth.SyntaxSourceCertificate.query_sound' depends on axioms: [propext, Classical.choice, Quot.sound]
info: OneYTruth/SyntaxSourceCertificate.lean:196:0: 'OneYTruth.SyntaxSourceCertificate.realize_query_iff' depends on axioms: [propext, Classical.choice, Quot.sound]
info: OneYTruth/SyntaxSourceCertificate.lean:197:0: 'OneYTruth.SyntaxSourceCertificate.query_isSigmaOne' depends on axioms: [propext, Classical.choice, Quot.sound]
⚠ [1972/2015] Replayed OneYTruth.InternalPureSatisfaction
warning: OneYTruth/InternalPureSatisfaction.lean:43:61: This simp argument is unused:
  Matrix.cons_val_zero

Hint: Omit it from the simp argument list.
  [apply] simp only [AtomicTruthFormula.parameters, Matrix.cons_val_one, Matrix.cons_val_two, Matrix.cons_val_three,
    Matrix.cons_val_succ, Matrix.cons_val_fin_one, empty_range, namedGraph_eq_empty, diagonalGraph_eq_empty]

Note: This linter can be disabled with `set_option linter.unusedSimpArgs false`
warning: OneYTruth/InternalPureSatisfaction.lean:44:6: This simp argument is unused:
  Matrix.cons_val_one

Hint: Omit it from the simp argument list.
  [apply] simp only [AtomicTruthFormula.parameters, Matrix.cons_val_zero, Matrix.cons_val_two, Matrix.cons_val_three,
    Matrix.cons_val_succ, Matrix.cons_val_fin_one, empty_range, namedGraph_eq_empty, diagonalGraph_eq_empty]

Note: This linter can be disabled with `set_option linter.unusedSimpArgs false`
warning: OneYTruth/InternalPureSatisfaction.lean:44:26: This simp argument is unused:
  Matrix.cons_val_two

Hint: Omit it from the simp argument list.
  [apply] simp only [AtomicTruthFormula.parameters, Matrix.cons_val_zero, Matrix.cons_val_one, Matrix.cons_val_three,
    Matrix.cons_val_succ, Matrix.cons_val_fin_one, empty_range, namedGraph_eq_empty, diagonalGraph_eq_empty]

Note: This linter can be disabled with `set_option linter.unusedSimpArgs false`
warning: OneYTruth/InternalPureSatisfaction.lean:44:46: This simp argument is unused:
  Matrix.cons_val_three

Hint: Omit it from the simp argument list.
  [apply] simp only [AtomicTruthFormula.parameters, Matrix.cons_val_zero, Matrix.cons_val_one, Matrix.cons_val_two,
    Matrix.cons_val_succ, Matrix.cons_val_fin_one, empty_range, namedGraph_eq_empty, diagonalGraph_eq_empty]

Note: This linter can be disabled with `set_option linter.unusedSimpArgs false`
warning: OneYTruth/InternalPureSatisfaction.lean:45:6: This simp argument is unused:
  Matrix.cons_val_succ

Hint: Omit it from the simp argument list.
  [apply] simp only [AtomicTruthFormula.parameters, Matrix.cons_val_zero, Matrix.cons_val_one, Matrix.cons_val_two,
    Matrix.cons_val_three, Matrix.cons_val_fin_one, empty_range, namedGraph_eq_empty, diagonalGraph_eq_empty]

Note: This linter can be disabled with `set_option linter.unusedSimpArgs false`
warning: OneYTruth/InternalPureSatisfaction.lean:45:27: This simp argument is unused:
  Matrix.cons_val_fin_one

Hint: Omit it from the simp argument list.
  [apply] simp only [AtomicTruthFormula.parameters, Matrix.cons_val_zero, Matrix.cons_val_one, Matrix.cons_val_two,
    Matrix.cons_val_three, Matrix.cons_val_succ, empty_range, namedGraph_eq_empty, diagonalGraph_eq_empty]

Note: This linter can be disabled with `set_option linter.unusedSimpArgs false`
warning: OneYTruth/InternalPureSatisfaction.lean:59:0: automatically included section variable(s) unused in theorem `OneYTruth.PureSatisfactionSource.actual_body`:
  hOmega
consider restructuring your `variable` declarations so that the variables are not in scope or explicitly omit them:
  omit hOmega in theorem ...

Note: This linter can be disabled with `set_option linter.unusedSectionVars false`
info: OneYTruth/InternalPureSatisfaction.lean:106:0: 'OneYTruth.PureSatisfactionSource.query_isSigmaOne' depends on axioms: [propext, Classical.choice, Quot.sound]
info: OneYTruth/InternalPureSatisfaction.lean:107:0: 'OneYTruth.PureSatisfactionSource.query_sound' depends on axioms: [propext, Classical.choice, Quot.sound]
info: OneYTruth/InternalPureSatisfaction.lean:108:0: 'OneYTruth.PureSatisfactionSource.realize_query_iff' depends on axioms: [propext, Classical.choice, Quot.sound]
ℹ [1973/2015] Replayed OneYTruth.PureDefSource
info: OneYTruth/PureDefSource.lean:103:0: 'OneYTruth.PureDefSource.query_isSigmaOne' depends on axioms: [propext, Classical.choice, Quot.sound]
info: OneYTruth/PureDefSource.lean:104:0: 'OneYTruth.PureDefSource.query_sound' depends on axioms: [propext, Classical.choice, Quot.sound]
info: OneYTruth/PureDefSource.lean:105:0: 'OneYTruth.PureDefSource.realize_query_iff' depends on axioms: [propext, Classical.choice, Quot.sound]
ℹ [1974/2015] Replayed OneYTruth.BoundedDefSource
info: OneYTruth/BoundedDefSource.lean:54:0: 'OneYTruth.BoundedDefSource.sound' depends on axioms: [propext, Classical.choice, Quot.sound]
info: OneYTruth/BoundedDefSource.lean:55:0: 'OneYTruth.BoundedDefSource.complete' depends on axioms: [propext, Classical.choice, Quot.sound]
ℹ [1975/2015] Replayed OneYTruth.InternalActualTruth
info: OneYTruth/InternalActualTruth.lean:28:0: 'OneYTruth.ExternalTower.truth_mem_of_adequate' depends on axioms: [propext, Classical.choice, Quot.sound]
info: OneYTruth/InternalActualTruth.lean:29:0: 'OneYTruth.ExternalTower.truth_LStage_mem_of_adequate' depends on axioms: [propext, Classical.choice, Quot.sound]
ℹ [1976/2015] Replayed OneYTruth.SigmaNodeSourceCertificate
info: OneYTruth/SigmaNodeSourceCertificate.lean:121:0: 'OneYTruth.SigmaNodeSourceCertificate.query_sound' depends on axioms: [propext, Classical.choice, Quot.sound]
info: OneYTruth/SigmaNodeSourceCertificate.lean:122:0: 'OneYTruth.SigmaNodeSourceCertificate.realize_query_iff' depends on axioms: [propext, Classical.choice, Quot.sound]
info: OneYTruth/SigmaNodeSourceCertificate.lean:123:0: 'OneYTruth.SigmaNodeSourceCertificate.query_isSigmaOne' depends on axioms: [propext, Classical.choice, Quot.sound]
ℹ [1977/2015] Replayed OneYTruth.SourceEndpointComparison
info: OneYTruth/SourceEndpointComparison.lean:106:0: 'OneYTruth.SourceEndpointComparison.query_sound' depends on axioms: [propext, Classical.choice, Quot.sound]
info: OneYTruth/SourceEndpointComparison.lean:107:0: 'OneYTruth.SourceEndpointComparison.query_complete' depends on axioms: [propext, Classical.choice, Quot.sound]
info: OneYTruth/SourceEndpointComparison.lean:108:0: 'OneYTruth.SourceEndpointComparison.namedComparison_isSigmaOne' depends on axioms: [propext,
 Classical.choice,
 Quot.sound]
ℹ [1978/2015] Replayed OneYTruth.SourceEndpointRelation
info: OneYTruth/SourceEndpointRelation.lean:125:0: 'OneYTruth.SourceEndpointComparison.namedComparison_sound_R' depends on axioms: [propext, Classical.choice, Quot.sound]
info: OneYTruth/SourceEndpointRelation.lean:126:0: 'OneYTruth.SourceEndpointComparison.namedComparison_iff_R' depends on axioms: [propext, Classical.choice, Quot.sound]
info: OneYTruth/SourceEndpointRelation.lean:127:0: 'OneYTruth.SourceEndpointComparison.diagonalComparison_iff_R' depends on axioms: [propext, Classical.choice, Quot.sound]
ℹ [1979/2015] Replayed OneYTruth.ActualQueryMetadata
info: OneYTruth/ActualQueryMetadata.lean:100:0: 'OneYTruth.ActualDiagramQueries.metadata_correct' depends on axioms: [propext, Classical.choice, Quot.sound]
ℹ [1980/2015] Replayed OneYTruth.SchemaSyntaxGraph
info: OneYTruth/SchemaSyntaxGraph.lean:177:0: 'OneYTruth.SchemaSyntaxGraph.query_sound' depends on axioms: [propext, Classical.choice, Quot.sound]
info: OneYTruth/SchemaSyntaxGraph.lean:178:0: 'OneYTruth.SchemaSyntaxGraph.graph_mem' depends on axioms: [propext, Classical.choice, Quot.sound]
ℹ [1981/2015] Replayed OneYTruth.SchemaSyntaxCertificate
info: OneYTruth/SchemaSyntaxCertificate.lean:118:0: 'OneYTruth.SchemaSyntaxCertificate.query_sound' depends on axioms: [propext, Classical.choice, Quot.sound]
ℹ [1982/2015] Replayed OneYTruth.SchemaSyntaxCertificateInternal
info: OneYTruth/SchemaSyntaxCertificateInternal.lean:97:0: 'OneYTruth.SchemaSyntaxCertificate.realize_query_iff' depends on axioms: [propext, Classical.choice, Quot.sound]
ℹ [1983/2015] Replayed OneYTruth.SchemaBundleZip
info: OneYTruth/SchemaBundleZip.lean:124:0: 'OneYTruth.SchemaBundleZip.local_iff_canonical' depends on axioms: [propext, Classical.choice, Quot.sound]
info: OneYTruth/SchemaBundleZip.lean:125:0: 'OneYTruth.SchemaBundleZip.query_sound' depends on axioms: [propext, Classical.choice, Quot.sound]
ℹ [1984/2015] Replayed OneYTruth.SchemaBundleZipInternal
info: OneYTruth/SchemaBundleZipInternal.lean:117:0: 'OneYTruth.SchemaBundleZip.witnessValues_mem' depends on axioms: [propext, Classical.choice, Quot.sound]
info: OneYTruth/SchemaBundleZipInternal.lean:118:0: 'OneYTruth.SchemaBundleZip.indexedBundle_mem' depends on axioms: [propext, Classical.choice, Quot.sound]
ℹ [1985/2015] Replayed OneYTruth.SchemaBundleZipFormula
info: OneYTruth/SchemaBundleZipFormula.lean:90:0: 'OneYTruth.SchemaBundleZip.satisfies_graphFormula_sound' depends on axioms: [propext, Classical.choice, Quot.sound]
ℹ [1986/2015] Replayed OneYTruth.SchemaBundleUniformBound
info: OneYTruth/SchemaBundleUniformBound.lean:102:0: 'OneYTruth.SchemaBundleZip.exists_uniform_field_bound' depends on axioms: [propext, Classical.choice, Quot.sound]
info: OneYTruth/SchemaBundleUniformBound.lean:103:0: 'OneYTruth.SchemaBundleZip.exists_graphFormula' depends on axioms: [propext, Classical.choice, Quot.sound]
ℹ [1987/2015] Replayed OneYTruth.SchemaBundleProjectionInternal
info: OneYTruth/SchemaBundleProjectionInternal.lean:129:0: 'OneYTruth.SchemaBundleProjection.bundle_and_fieldBound_mem' depends on axioms: [propext, Classical.choice, Quot.sound]
ℹ [1988/2015] Replayed OneYTruth.SourcePairComparison
info: OneYTruth/SourcePairComparison.lean:98:0: 'OneYTruth.SourcePairComparison.query_isSigmaOne' depends on axioms: [propext, Classical.choice, Quot.sound]
info: OneYTruth/SourcePairComparison.lean:99:0: 'OneYTruth.SourcePairComparison.realize_iff_R' depends on axioms: [propext, Classical.choice, Quot.sound]
ℹ [1989/2015] Replayed OneYTruth.FiniteReflectionAssembly
info: OneYTruth/FiniteReflectionAssembly.lean:87:0: 'OneYTruth.FiniteLabelAssembly.reflect_representation_of_queries' depends on axioms: [propext,
 Classical.choice,
 Quot.sound]
ℹ [1990/2015] Replayed OneYTruth.ActualReflectionMap
info: OneYTruth/ActualReflectionMap.lean:47:0: 'OneYTruth.RootSemantics.R.closedMap' depends on axioms: [propext, Classical.choice, Quot.sound]
info: OneYTruth/ActualReflectionMap.lean:48:0: 'OneYTruth.RootSemantics.R.reflect_diagram_of_queries' depends on axioms: [propext, Classical.choice, Quot.sound]
⚠ [1992/2015] Replayed OneYTruth.TowerSigmaComplete
warning: OneYTruth/TowerSigmaComplete.lean:52:45: `Ordinal.toZFSet_succ` has been deprecated: Use `Ordinal.toZFSet_add_one` instead

Note: The updated constant has a different type:
  ∀ (o : Ordinal.{u_1}), (o + 1).toZFSet = insert o.toZFSet o.toZFSet
instead of
  ∀ (o : Ordinal.{u_1}), (Order.succ o).toZFSet = insert o.toZFSet o.toZFSet
⚠ [1993/2015] Replayed OneYTruth.TowerPointCertificate
warning: OneYTruth/TowerPointCertificate.lean:74:35: This simp argument is unused:
  Function.comp_def

Hint: Omit it from the simp argument list.
  [apply] simp [towerMap, Fin.snoc, Fin.castLT]

Note: This linter can be disabled with `set_option linter.unusedSimpArgs false`
warning: OneYTruth/TowerPointCertificate.lean:77:26: This simp argument is unused:
  Function.comp_def

Hint: Omit it from the simp argument list.
  [apply] simp [Fin.snoc, Fin.castLT]

Note: This linter can be disabled with `set_option linter.unusedSimpArgs false`
ℹ [1994/2015] Replayed OneYTruth.ActualTowerQuery
info: OneYTruth/ActualTowerQuery.lean:99:0: 'OneYTruth.ActualTowerQuery.query_isSigmaOne' depends on axioms: [propext, Classical.choice, Quot.sound]
info: OneYTruth/ActualTowerQuery.lean:100:0: 'OneYTruth.ActualTowerQuery.query_sound' depends on axioms: [propext, Classical.choice, Quot.sound]
info: OneYTruth/ActualTowerQuery.lean:101:0: 'OneYTruth.ActualTowerQuery.realize_query_iff' depends on axioms: [propext, Classical.choice, Quot.sound]
ℹ [1995/2015] Replayed OneYTruth.ActualTruthQuery
info: OneYTruth/ActualTruthQuery.lean:100:0: 'OneYTruth.ActualTruthQuery.query_isSigmaOne' depends on axioms: [propext, Classical.choice, Quot.sound]
info: OneYTruth/ActualTruthQuery.lean:101:0: 'OneYTruth.ActualTruthQuery.query_sound' depends on axioms: [propext, Classical.choice, Quot.sound]
info: OneYTruth/ActualTruthQuery.lean:102:0: 'OneYTruth.ActualTruthQuery.realize_query_iff' depends on axioms: [propext, Classical.choice, Quot.sound]
ℹ [1996/2015] Replayed OneYTruth.OrdinalHistoryRaw
info: OneYTruth/OrdinalHistoryRaw.lean:119:0: 'OneYTruth.OrdinalStageHistory.RawChecks.toChecks' depends on axioms: [propext, Classical.choice, Quot.sound]
ℹ [1997/2015] Replayed OneYTruth.OrdinalHistoryFormula
info: OneYTruth/OrdinalHistoryFormula.lean:190:0: 'OneYTruth.OrdinalStageHistory.satisfies_historyFormula' depends on axioms: [propext, Classical.choice, Quot.sound]
ℹ [1998/2015] Replayed OneYTruth.OrdinalHistoryRecovery
info: OneYTruth/OrdinalHistoryRecovery.lean:80:0: 'OneYTruth.OrdinalStageHistory.historyFormula_top_eq' depends on axioms: [propext, Classical.choice, Quot.sound]
info: OneYTruth/OrdinalHistoryRecovery.lean:81:0: 'OneYTruth.OrdinalStageHistory.exists_internal_historyFormula' depends on axioms: [propext,
 Classical.choice,
 Quot.sound]
ℹ [1999/2015] Replayed OneYTruth.OrdinalHistoryWitnessBound
info: OneYTruth/OrdinalHistoryWitnessBound.lean:115:0: 'OneYTruth.OrdinalStageHistory.exists_uniform_Def_bound' depends on axioms: [propext, Classical.choice, Quot.sound]
ℹ [2000/2015] Replayed OneYTruth.OrdinalStageQuery
info: OneYTruth/OrdinalStageQuery.lean:115:0: 'OneYTruth.OrdinalStageHistory.stageQuery_isSigmaOne' depends on axioms: [propext, Quot.sound]
info: OneYTruth/OrdinalStageQuery.lean:116:0: 'OneYTruth.OrdinalStageHistory.stageQuery_sound' depends on axioms: [propext, Classical.choice, Quot.sound]
info: OneYTruth/OrdinalStageQuery.lean:117:0: 'OneYTruth.OrdinalStageHistory.stageQuery_complete' depends on axioms: [propext, Classical.choice, Quot.sound]
ℹ [2001/2015] Replayed OneYTruth.ActualStageQuery
info: OneYTruth/ActualStageQuery.lean:83:0: 'OneYTruth.ActualStageQuery.query_isSigmaOne' depends on axioms: [propext, Classical.choice, Quot.sound]
info: OneYTruth/ActualStageQuery.lean:84:0: 'OneYTruth.ActualStageQuery.query_sound' depends on axioms: [propext, Classical.choice, Quot.sound]
info: OneYTruth/ActualStageQuery.lean:85:0: 'OneYTruth.ActualStageQuery.realize_query_iff' depends on axioms: [propext, Classical.choice, Quot.sound]
ℹ [2002/2015] Replayed OneYTruth.ActualStageTruthQuery
info: OneYTruth/ActualStageTruthQuery.lean:88:0: 'OneYTruth.ActualStageTruthQuery.query_isSigmaOne' depends on axioms: [propext, Classical.choice, Quot.sound]
info: OneYTruth/ActualStageTruthQuery.lean:89:0: 'OneYTruth.ActualStageTruthQuery.query_sound' depends on axioms: [propext, Classical.choice, Quot.sound]
info: OneYTruth/ActualStageTruthQuery.lean:90:0: 'OneYTruth.ActualStageTruthQuery.realize_query_iff' depends on axioms: [propext, Classical.choice, Quot.sound]
ℹ [2004/2015] Replayed OneYTruth.ActualEndpointRelation
info: OneYTruth/ActualEndpointRelation.lean:78:0: 'OneYTruth.ActualEndpointQuery.namedComparison_isSigmaOne' depends on axioms: [propext, Classical.choice, Quot.sound]
info: OneYTruth/ActualEndpointRelation.lean:79:0: 'OneYTruth.ActualEndpointQuery.diagonalComparison_isSigmaOne' depends on axioms: [propext, Classical.choice, Quot.sound]
info: OneYTruth/ActualEndpointRelation.lean:80:0: 'OneYTruth.ActualEndpointQuery.namedComparison_sound_R' depends on axioms: [propext, Classical.choice, Quot.sound]
info: OneYTruth/ActualEndpointRelation.lean:81:0: 'OneYTruth.ActualEndpointQuery.namedComparison_iff_R' depends on axioms: [propext, Classical.choice, Quot.sound]
info: OneYTruth/ActualEndpointRelation.lean:82:0: 'OneYTruth.ActualEndpointQuery.diagonalComparison_iff_R' depends on axioms: [propext, Classical.choice, Quot.sound]
ℹ [2005/2015] Replayed OneYTruth.ActualNeedAdapter
info: OneYTruth/ActualNeedAdapter.lean:120:0: 'OneYTruth.ActualNeedAdapter.formula_isSigmaOne' depends on axioms: [propext, Classical.choice, Quot.sound]
info: OneYTruth/ActualNeedAdapter.lean:121:0: 'OneYTruth.ActualNeedAdapter.formula_sound' depends on axioms: [propext, Classical.choice, Quot.sound]
info: OneYTruth/ActualNeedAdapter.lean:122:0: 'OneYTruth.ActualNeedAdapter.formula_complete' depends on axioms: [propext, Classical.choice, Quot.sound]
⚠ [2006/2015] Replayed OneYTruth.ActualAdequacyCertificate
warning: OneYTruth/ActualAdequacyCertificate.lean:106:52: `Ordinal.toZFSet_succ` has been deprecated: Use `Ordinal.toZFSet_add_one` instead

Note: The updated constant has a different type:
  ∀ (o : Ordinal.{u_1}), (o + 1).toZFSet = insert o.toZFSet o.toZFSet
instead of
  ∀ (o : Ordinal.{u_1}), (Order.succ o).toZFSet = insert o.toZFSet o.toZFSet
info: OneYTruth/ActualAdequacyCertificate.lean:138:0: 'OneYTruth.ActualAdequacyCertificate.query_isSigmaOne' depends on axioms: [propext, Classical.choice, Quot.sound]
info: OneYTruth/ActualAdequacyCertificate.lean:139:0: 'OneYTruth.ActualAdequacyCertificate.query_sound' depends on axioms: [propext, Classical.choice, Quot.sound]
⚠ [2007/2015] Replayed OneYTruth.ActualAdequacyCertificateInternal
warning: OneYTruth/ActualAdequacyCertificateInternal.lean:64:30: `Ordinal.toZFSet_succ` has been deprecated: Use `Ordinal.toZFSet_add_one` instead

Note: The updated constant has a different type:
  ∀ (o : Ordinal.{u_1}), (o + 1).toZFSet = insert o.toZFSet o.toZFSet
instead of
  ∀ (o : Ordinal.{u_1}), (Order.succ o).toZFSet = insert o.toZFSet o.toZFSet
info: OneYTruth/ActualAdequacyCertificateInternal.lean:88:0: 'OneYTruth.ActualAdequacyCertificate.realize_query_iff' depends on axioms: [propext, Classical.choice, Quot.sound]
ℹ [2008/2015] Replayed OneYTruth.ActualAdequateQuery
info: OneYTruth/ActualAdequateQuery.lean:75:0: 'OneYTruth.ActualAdequateQuery.query_isSigmaOne' depends on axioms: [propext, Classical.choice, Quot.sound]
info: OneYTruth/ActualAdequateQuery.lean:76:0: 'OneYTruth.ActualAdequateQuery.query_sound' depends on axioms: [propext, Classical.choice, Quot.sound]
info: OneYTruth/ActualAdequateQuery.lean:77:0: 'OneYTruth.ActualAdequateQuery.realize_query_iff' depends on axioms: [propext, Classical.choice, Quot.sound]
ℹ [2009/2015] Replayed OneYTruth.ActualRelationQuery
info: OneYTruth/ActualRelationQuery.lean:165:0: 'OneYTruth.ActualRelationQuery.query_isSigmaOne' depends on axioms: [propext, Classical.choice, Quot.sound]
info: OneYTruth/ActualRelationQuery.lean:166:0: 'OneYTruth.ActualRelationQuery.query_sound' depends on axioms: [propext, Classical.choice, Quot.sound]
info: OneYTruth/ActualRelationQuery.lean:167:0: 'OneYTruth.ActualRelationQuery.realize_query_iff' depends on axioms: [propext, Classical.choice, Quot.sound]
ℹ [2010/2015] Replayed OneYTruth.ActualDomainAtomAdapter
info: OneYTruth/ActualDomainAtomAdapter.lean:140:0: 'OneYTruth.ActualDomainAtomAdapter.domain_sound' depends on axioms: [propext, Classical.choice, Quot.sound]
info: OneYTruth/ActualDomainAtomAdapter.lean:141:0: 'OneYTruth.ActualDomainAtomAdapter.domain_complete' depends on axioms: [propext, Classical.choice, Quot.sound]
info: OneYTruth/ActualDomainAtomAdapter.lean:142:0: 'OneYTruth.ActualDomainAtomAdapter.atom_sound' depends on axioms: [propext, Classical.choice, Quot.sound]
info: OneYTruth/ActualDomainAtomAdapter.lean:143:0: 'OneYTruth.ActualDomainAtomAdapter.atom_complete' depends on axioms: [propext, Classical.choice, Quot.sound]
ℹ [2011/2015] Replayed OneYTruth.ActualDiagramQueries
info: OneYTruth/ActualDiagramQueries.lean:110:0: 'OneYTruth.ActualDiagramQueries.family_sound' depends on axioms: [propext, Classical.choice, Quot.sound]
info: OneYTruth/ActualDiagramQueries.lean:111:0: 'OneYTruth.ActualDiagramQueries.family_complete' depends on axioms: [propext, Classical.choice, Quot.sound]
ℹ [2012/2015] Replayed OneYTruth.ActualFiniteReflection
info: OneYTruth/ActualFiniteReflection.lean:29:0: 'OneYTruth.RootSemantics.actual_finiteReflection' depends on axioms: [propext, Classical.choice, Quot.sound]
ℹ [2013/2015] Replayed OneYTruth.ActualWellOrdering
info: OneYTruth/ActualWellOrdering.lean:34:0: 'OneYTruth.WellOrdering.expansion_wellFounded' depends on axioms: [propext, Classical.choice, Quot.sound]
info: OneYTruth/ActualWellOrdering.lean:35:0: 'OneYTruth.WellOrdering.generated_strictWellOrder' depends on axioms: [propext, Classical.choice, Quot.sound]
info: OneYTruth/ActualWellOrdering.lean:36:0: 'OneYTruth.WellOrdering.descendants_strictWellOrder' depends on axioms: [propext, Classical.choice, Quot.sound]
info: OneYTruth/ActualWellOrdering.lean:37:0: 'OneYTruth.WellOrdering.expansion_chain_reaches_empty' depends on axioms: [propext, Classical.choice, Quot.sound]
Build completed successfully (2015 jobs).
